pic.0579.jpg,92,78,79,107,93,94,123,109,110,122,110,110,108,96,96,127,114,116,150,137,139,58,41,45,78,61,65,113,96,100,104,90,92,84,70,72,90,77,79,140,127,129,47,29,36,51,33,40,86,68,75,133,119,121,77,63,65,45,31,33,119,105,107,48,37,39,45,34,36,43,32,34,86,79,76,89,82,79,60,53,50,67,60,57,52,41,44,51,40,43,50,39,42,65,53,59,68,56,62,49,37,43,56,44,50,51,42,45,52,43,46,55,43,49,54,40,51,56,39,52,44,27,40,44,27,40,48,39,42,50,41,44,53,41,47,56,41,49,53,36,47,45,30,38,38,23,31
pic.0183.jpg,48,106,201,49,107,203,52,110,206,52,110,205,51,109,204,50,108,203,49,107,202,49,107,202,50,108,204,51,109,205,51,109,204,51,109,204,50,108,203,49,107,202,50,108,203,50,108,204,50,108,204,51,109,204,51,109,204,50,108,203,50,108,203,50,108,204,49,107,203,49,107,203,54,111,204,53,110,203,52,109,202,52,109,202,49,107,203,49,107,203,49,107,203,54,111,204,53,110,203,52,109,202,52,109,202,49,107,203,49,107,203,49,107,203,53,110,203,53,110,203,52,108,203,52,108,203,48,106,202,49,107,203,50,108,204,53,110,203,52,109,202,51,107,202,52,108,203
pic.0547.jpg,17,3,134,16,2,134,16,1,136,17,2,140,16,2,138,15,2,130,13,3,123,14,3,135,16,3,135,16,2,138,16,1,139,16,2,138,17,6,130,14,5,121,12,3,137,14,3,137,15,2,140,15,0,138,16,2,138,18,7,131,17,8,124,16,6,136,16,6,136,14,2,132,16,7,128,16,7,124,11,4,119,9,3,116,16,4,134,16,4,134,14,3,130,15,7,124,14,7,122,11,4,119,9,0,120,14,2,128,14,0,131,15,1,132,16,7,128,15,6,126,13,5,122,10,2,119,17,2,123,16,0,125,16,2,128,18,5,133,15,5,129,13,5,122,12,6,119
pic.0184.jpg,14,30,23,6,22,15,0,6,0,5,19,15,0,8,5,0,3,0,0,11,5,21,37,30,21,37,30,11,25,19,7,21,17,2,13,10,0,8,2,0,11,5,27,43,36,38,54,47,32,46,40,35,46,43,33,42,39,26,40,34,24,38,32,23,40,27,36,53,40,18,32,21,34,42,35,51,57,52,88,99,91,47,60,52,0,8,0,0,6,0,0,13,2,7,23,12,0,8,0,31,46,38,34,51,42,98,124,110,95,121,107,69,94,80,67,91,79,13,35,23,13,38,24,25,50,36,183,220,204,188,225,209,174,210,194,167,203,186,102,136,119,59,96,76,25,62,42
pic.0192.jpg,18,33,65,18,33,66,18,33,66,15,32,65,15,32,65,17,34,67,18,35,68,21,34,66,19,34,67,19,34,67,18,35,68,19,36,69,19,36,69,20,37,70,25,36,66,23,36,68,23,36,68,24,41,74,24,41,74,23,40,73,23,40,73,15,34,69,22,40,71,27,42,74,19,38,71,17,36,71,16,35,68,16,35,68,20,37,70,19,35,64,19,33,62,21,39,68,21,39,70,19,37,68,17,35,66,22,34,68,17,31,59,18,31,57,17,31,59,18,32,60,18,32,60,16,30,58,23,32,65,22,33,60,31,41,65,27,39,63,27,39,63,28,40,64,29,41,65
pic.0135.jpg,84,167,195,76,159,190,38,128,162,57,158,190,44,149,182,46,144,178,57,148,185,113,207,236,89,187,217,57,160,193,40,151,189,29,140,180,39,143,180,73,166,205,112,214,243,94,201,229,85,195,229,92,209,248,63,176,219,48,154,195,71,163,204,96,203,231,117,226,254,158,255,255,158,246,255,174,250,255,159,230,250,98,160,178,140,230,255,127,217,248,106,192,222,150,228,251,180,252,255,182,248,255,99,156,171,165,230,255,161,224,255,123,187,218,148,213,234,182,244,255,200,255,255,100,148,160,104,148,179,142,185,218,156,200,231,122,177,198,139,194,209,185,234,248,90,130,142
pic.0069.jpg,24,3,159,28,18,148,55,53,153,85,90,153,77,84,139,71,77,152,58,58,166,20,1,158,31,21,157,67,63,168,82,90,149,78,87,137,74,81,154,61,61,169,17,0,158,34,26,163,76,74,180,77,86,143,76,86,134,73,80,153,59,58,168,19,7,157,35,34,162,71,77,174,76,90,143,71,86,132,71,82,150,60,63,168,23,10,162,41,39,169,78,83,182,77,90,146,71,86,132,72,83,151,62,65,170,23,10,162,42,38,173,79,82,187,75,87,145,69,83,131,70,80,150,60,63,168,21,8,160,38,33,172,73,74,184,76,87,147,70,84,133,70,79,152,60,62,170
pic.1010.jpg,20,14,145,50,42,159,58,50,174,38,27,177,30,14,192,49,20,229,87,65,247,42,38,151,75,73,169,84,80,183,47,43,172,27,14,184,44,10,235,100,73,255,54,55,153,90,90,174,92,93,179,40,43,151,18,10,164,42,8,233,111,82,255,31,30,150,47,38,179,47,30,197,17,0,187,15,0,188,39,17,199,97,92,215,44,34,180,73,62,212,79,65,230,19,5,191,13,0,191,33,14,201,87,77,223,47,28,207,72,56,221,72,61,225,23,16,191,14,5,192,30,15,207,75,61,233,41,13,220,45,28,203,32,24,185,13,13,181,18,16,192,36,27,214,68,54,239
pic.0640.jpg,80,37,82,83,40,97,75,32,95,71,31,96,69,32,96,68,31,95,68,31,95,79,39,87,84,39,96,78,34,95,73,34,90,71,33,91,71,33,93,70,30,95,69,34,91,81,34,90,85,36,90,75,36,88,72,36,90,71,33,91,70,31,93,76,36,94,71,36,93,69,33,93,72,31,98,73,30,97,73,30,95,70,29,91,75,34,95,73,35,93,73,35,95,73,34,96,75,33,98,74,33,95,73,32,94,75,32,95,76,34,95,76,35,96,72,34,94,72,34,94,71,33,93,71,33,93,82,35,98,79,35,96,76,34,95,74,35,91,72,35,91,72,34,92,72,34,94
pic.0318.jpg,9,2,9,4,0,4,10,3,10,4,0,1,11,5,10,17,10,17,28,20,31,17,10,17,18,10,20,28,21,28,26,22,27,24,20,25,29,25,31,27,21,32,23,17,22,20,14,19,28,23,25,28,28,28,24,24,24,38,37,41,35,32,41,28,23,25,29,24,26,31,26,28,31,30,34,38,36,42,48,46,52,55,51,62,65,58,61,58,51,54,54,47,52,56,52,57,62,58,64,69,64,73,73,67,78,92,85,88,83,77,78,77,70,73,76,69,76,80,72,83,84,76,87,86,76,92,95,88,93,91,84,87,88,81,86,83,74,84,86,76,89,87,78,91,89,79,96
pic.1019.jpg,0,0,127,0,0,111,0,2,100,0,0,67,0,0,64,7,0,71,20,12,83,0,0,169,0,0,127,0,0,105,1,5,118,0,0,105,0,0,92,0,0,84,0,0,178,0,0,189,0,0,185,0,0,158,0,1,152,0,5,157,7,9,164,0,0,171,1,1,173,6,6,174,3,5,167,2,2,162,1,0,156,1,1,155,8,6,190,1,0,182,0,0,174,0,0,163,0,0,159,0,0,155,0,0,156,2,1,199,0,0,192,0,0,185,3,0,186,3,0,180,1,0,173,0,0,168,13,11,217,12,10,223,17,11,222,13,2,206,10,0,195,6,0,185,1,0,176
pic.1018.jpg,109,116,133,113,117,135,112,116,134,123,132,146,123,132,146,126,135,148,136,145,158,108,116,133,114,121,138,114,121,138,125,134,148,129,138,152,137,146,159,150,159,172,105,115,132,115,123,140,116,124,141,125,134,147,140,149,162,155,165,175,163,173,183,99,112,126,116,129,143,108,121,135,120,133,147,139,152,166,155,167,179,170,182,194,105,118,132,119,132,146,120,133,147,128,141,155,153,166,180,171,185,197,172,186,198,111,124,138,122,135,149,138,151,165,167,183,196,175,191,204,173,187,199,149,163,175,116,129,143,128,141,155,156,169,183,172,189,202,170,186,199,165,181,193,147,159,171
pic.0517.jpg,45,75,100,42,64,92,36,57,85,33,57,87,41,65,95,61,87,117,59,85,115,45,79,108,45,73,104,43,68,100,46,69,101,51,74,106,67,92,124,64,89,121,51,89,119,55,86,117,53,81,111,53,82,103,57,85,102,73,101,118,68,96,113,52,84,97,52,86,102,32,64,83,35,64,85,35,62,83,52,79,100,56,83,104,33,59,73,31,57,73,9,34,54,11,35,55,15,36,58,38,59,81,42,63,85,37,54,67,29,48,63,5,25,43,6,23,42,14,31,52,42,59,80,47,64,85,45,63,74,36,55,68,15,35,52,15,32,51,25,42,63,55,72,93,59,76,97
pic.0067.jpg,54,101,85,48,98,80,46,102,83,40,108,83,38,110,87,45,113,90,51,111,93,33,91,73,38,101,81,54,119,98,43,112,92,43,109,90,45,104,89,48,101,88,37,100,84,23,96,74,34,106,86,50,115,99,48,107,93,44,97,87,48,92,85,45,95,85,61,111,99,68,111,102,70,103,99,51,77,77,47,72,74,49,74,78,59,108,100,58,108,98,39,81,74,34,62,62,17,38,40,18,38,43,26,46,51,106,152,146,79,126,118,22,62,57,0,6,8,0,0,6,0,2,8,6,22,29,145,187,186,96,138,137,13,46,49,0,1,6,1,12,20,29,40,48,53,64,72
pic.0001.jpg,237,242,241,250,255,255,227,233,232,218,226,225,215,223,222,211,219,218,231,239,238,233,238,239,232,240,239,219,227,226,242,248,247,226,232,231,223,229,228,224,230,229,229,234,235,223,234,232,220,228,227,222,230,229,209,215,214,214,220,219,199,205,204,217,222,225,214,219,222,213,218,221,207,212,215,202,207,210,196,201,204,193,198,201,222,227,230,215,220,223,211,216,219,205,210,213,200,205,208,195,200,203,192,197,200,221,226,229,211,216,219,204,209,212,202,207,210,198,203,206,194,199,202,192,197,200,212,217,220,203,208,211,197,202,205,198,203,206,195,200,203,192,197,200,192,197,200
pic.0983.jpg,183,144,236,183,144,236,182,142,237,180,140,235,179,138,235,178,137,234,177,136,233,183,144,236,182,143,235,182,143,235,182,142,237,181,141,236,180,140,235,179,139,234,182,143,235,181,142,234,181,142,234,183,143,238,182,142,237,181,141,236,180,140,235,162,128,228,161,127,228,160,126,227,161,128,232,161,128,232,161,129,230,162,130,231,161,127,227,160,126,227,160,126,227,158,125,229,157,124,228,157,124,228,158,125,229,161,127,227,159,125,226,159,124,228,154,121,225,153,120,225,153,120,225,153,120,225,161,127,227,160,126,227,159,124,228,152,119,224,151,117,225,150,116,224,149,115,223
pic.0002.jpg,173,177,178,174,178,179,174,178,179,174,179,177,174,179,177,174,179,177,174,179,177,174,178,179,174,178,179,174,178,179,175,180,178,175,180,178,175,180,178,175,180,178,174,178,179,174,178,179,174,178,179,176,181,179,176,181,179,175,180,178,175,180,178,172,178,177,172,178,177,172,178,177,174,179,178,174,179,178,174,179,178,175,180,179,172,178,177,172,178,177,172,178,177,174,179,178,174,179,178,174,179,178,175,180,179,172,178,177,173,179,178,172,178,177,173,178,177,174,179,178,174,179,178,175,180,179,173,179,178,173,179,178,173,179,178,173,178,177,173,178,177,174,179,178,174,179,178
pic.0638.jpg,145,139,158,125,119,136,102,95,116,89,79,109,94,83,115,95,91,116,94,90,115,141,137,156,123,120,136,102,97,118,97,88,114,104,95,122,106,103,125,102,99,121,136,132,151,121,118,134,103,98,119,91,82,108,101,92,119,105,103,123,101,99,119,127,127,141,120,119,135,107,106,122,89,88,104,99,97,116,100,97,122,89,84,115,125,124,140,120,119,135,107,105,124,101,99,119,103,99,124,100,95,126,90,84,119,127,125,144,122,120,140,105,102,124,94,89,116,96,90,121,97,91,126,92,84,125,118,115,137,110,106,131,89,85,110,89,84,111,94,89,118,95,89,124,86,78,118
pic.0984.jpg,56,44,196,53,46,183,50,45,174,36,33,156,25,20,143,22,19,145,37,33,168,46,38,193,49,45,188,49,46,185,44,43,183,42,39,184,40,39,185,41,38,191,17,11,166,10,10,154,7,8,150,33,34,184,42,41,197,47,46,204,41,37,202,19,0,151,7,0,129,0,0,103,13,0,121,20,6,132,26,21,150,32,35,170,64,41,193,65,43,179,58,36,162,35,13,132,31,12,131,23,12,138,20,16,151,38,15,147,43,26,137,54,36,137,36,12,112,27,6,109,15,0,116,12,2,132,28,14,102,31,23,86,48,39,96,44,26,93,33,11,93,20,3,106,24,8,133
pic.0986.jpg,12,5,169,11,6,165,13,6,163,12,7,158,13,7,156,14,6,153,14,6,153,13,5,165,12,5,162,12,6,161,13,6,157,12,6,155,13,5,152,13,5,152,12,5,162,12,7,160,12,7,160,13,7,156,12,6,155,13,5,152,12,4,151,10,2,156,10,2,156,9,1,155,9,3,152,8,2,151,8,2,151,8,2,151,14,4,158,13,3,157,12,2,156,14,5,156,14,5,156,13,4,155,13,4,155,18,8,162,16,6,160,15,5,159,18,7,163,18,7,163,17,7,161,17,7,161,24,12,166,22,10,164,21,8,164,24,11,167,23,9,167,22,8,166,22,8,166
