pic.0579.jpg,0.045282,0.0019989,0,0,0,0,0,0,0.000582886,0.000241089,0,0,0,0,0,0,0,0,0,0,0,0,0,0,0,0,0,0,0,0,0,0,0,0,0,0,0,0,0,0,0,0,0,0,0,0,0,0,0,0,0,0,0,0,0,0,0,0,0,0,0,0,0,0,0.00764771,0.00516968,3.05176e-06,0,0,0,0,0,0.0224152,0.0499298,0.00125427,0,0,0,0,0,0,0.000408936,0.000357056,0,0,0,0,0,0,0,0,0,0,0,0,0,0,0,0,0,0,0,0,0,0,0,0,0,0,0,0,0,0,0,0,0,0,0,0,0,0,0,0,0,0,0,0,0,0.00495605,0.000701904,0,0,0,0,0,0,0.000686646,0.0134857,0.00158997,9.15527e-06,0,0,0,0,9.46045e-05,0.0214111,0.022467,0.00174561,0,0,0,0,0,3.05176e-06,0.000286865,0.000686646,0,0,0,0,0,0,0,0,0,0,0,0,0,0,0,0,0,0,0,0,0,0,0,0,0,0,0,0,0,0,0,0,0,0,0,0,0.00783691,0.00172424,0,0,0,0,0,0,7.93457e-05,0.00296326,0.00055542,0,0,0,0,0,0,0.00205383,0.0143921,0.0014801,0,0,0,0,0,6.10352e-05,0.00937195,0.0291809,0.00307922,0,0,0,0,0,0,0.000302124,0.00118713,0,0,0,0,0,0,0,0,0,0,0,0,0,0,0,0,0,0,0,0,0,0,0,0,0,0,0,0.0468445,0.0072113,0,0,0,0,0,0,1.2207e-05,0.00343323,0.000650024,0,0,0,0,0,3.05176e-06,7.93457e-05,0.00191345,0.000418091,0,0,0,0,0,0,0.0019928,0.0152588,0.0026947,0,0,0,0,0,0.000326538,0.00713196,0.0625793,0.00549927,0,0,0,0,0,0,0.000540161,0.00204773,3.05176e-06,0,0,0,0,0,0,0,0,0,0,0,0,0,0,0,0,0,0.00849915,0.00749817,1.2207e-05,0,0,0,0,0,3.05176e-06,0.00158386,0.000619507,3.05176e-06,0,0,0,0,2.44141e-05,6.10352e-05,0.000411987,0.000405884,0,0,0,0,0,3.05176e-06,8.54492e-05,0.00234375,0.000296021,0,0,0,0,0,0,0.00246582,0.0143768,0.00327148,0,0,0,0,0,0.000338745,0.00555725,0.0954437,0.00808716,0,0,0,0,0,0,0.000671387,0.00220947,0,0,0,0,0,0,0,0,0,0.000201416,0.00428772,3.05176e-06,0,0,0,0,0,0,0.00194702,0.000775146,3.05176e-06,0,0,0,0,0.000140381,0.000164795,0.000323486,0.000369263,6.10352e-06,0,0,0,8.8501e-05,0.000109863,2.74658e-05,0.000448608,0.000582886,3.05176e-06,0,0,0,1.2207e-05,2.13623e-05,7.32422e-05,0.000857544,0.000344849,0,0,0,0,0,3.05176e-06,0.00172119,0.00747681,0.00273743,0,0,0,0,0,0.000860596,0.0056488,0.112442,0.00785522,0,0,0,0,0,0,0.000845337,0.00476074,0,1.2207e-05,0,0,0,0,0,0,0,0,1.2207e-05,3.05176e-06,0,0,0,0,1.83105e-05,0,3.05176e-06,4.27246e-05,3.05176e-06,0,0,0,0,1.83105e-05,0,3.96729e-05,0.000152588,0,0,0,0,9.15527e-06,0,0,0.000167847,0.000350952,0,0,0,0,0,0,3.05176e-06,0.000390625,0.000265503,0,0,0,0,0,0,0.000616455,0.00339966,0.00187378,0,0,0,0,0,3.96729e-05,0.00340271,0.243439,0.56723,0.180145,0.0952423,0.0553009,0.0343445,0.0237488,0.0154999,0.0105408,0.00621033,0.00427856,0.00288696,0.00160522,0.00112,0.000805664,0.000616455,0.000424194
pic.0183.jpg,0.00227356,0,0,0,0,0,0,0,0,0,0,0,0,0,0,0,0,0,0,0,0,0,0,0,0,0,0,0,0,0,0,0,0,0,0,0,0,0,0,0,0,0,0,0,0,0,0,0,0,0,0,0,0,0,0,0,0,0,0,0,0,0,0,0,0.032193,0.00045166,0,0,0,0,0,0,0.000942993,0.00266724,8.54492e-05,0,0,0,0,0,0,0,0,0,0,0,0,0,0,0,0,0,0,0,0,0,0,0,0,0,0,0,0,0,0,0,0,0,0,0,0,0,0,0,0,0,0,0,0,0,0,0,0,0,0,0,0,0,0.0106689,0,0,0,0,0,0,0,0.016452,0.00658569,0.000357056,0,0,0,0,0,6.10352e-06,0.00144653,0.00257568,0.00020752,0,0,0,0,0,0,0,0,0,0,0,0,0,0,0,0,0,0,0,0,0,0,0,0,0,0,0,0,0,0,0,0,0,0,0,0,0,0,0,0,0,0,0,0,0.00467224,0,0,0,0,0,0,0,0.0349884,0.00652466,1.83105e-05,0,0,0,0,0,0.0101807,0.239993,0.0203156,0.000439453,0,0,0,0,0,0,0.00395508,0.00352783,0.000317383,3.05176e-06,0,0,0,0,0,9.15527e-06,4.27246e-05,1.83105e-05,0,0,0,0,0,0,0,0,0,0,0,0,0,0,0,0,0,0,0,0,0,0,0,0,0,0,0.00266418,0,0,0,0,0,0,0,0.0120087,0.000909424,0,0,0,0,0,0,0.00307007,0.144211,0.00105286,5.49316e-05,0,0,0,0,0,0.0378876,0.00932312,0.0076416,0.000204468,0,0,0,0,0,0,0.00252075,0.00710144,0.000595093,0,0,0,0,0,0,9.15527e-05,0.000512695,1.2207e-05,0,0,0,0,0,0,0,0,0,0,0,0,0,0,0,0,0,0.000335693,0,0,0,0,0,0,0,0.00697021,0.00015564,0,0,0,0,0,0,0.00554199,0.0134552,3.35693e-05,0,0,0,0,0,3.05176e-06,0.00631409,0.00390015,0.000167847,9.15527e-06,0,0,0,0,0,0.00184326,0.00162964,0.00259399,0.000112915,0,0,0,0,0,0,0.00327759,0.0307404,0.00109558,0,0,0,0,0,0,0.00317078,0.00585022,0,0,0,0,0,0,0,0,0,0,0,0,0,0,0,0,0,0.00600281,6.10352e-06,0,0,0,0,0,0,0.0054657,0.0045166,6.10352e-06,0,0,0,0,0,0,0.0267151,0.00284729,2.13623e-05,0,0,0,0,0,0.00183105,0.0376892,0.00521851,0.000161743,0,0,0,0,0,0.00202026,0.00960083,0.00866089,0.00188293,2.74658e-05,0,0,0,0,0,0.000119019,0.0123352,0.0441559,0.0026062,0,0,0,0,0,0,0.000772095,0.00276184,0,0,0,0,0,0,0,0,0,0,0,0,0,0,0,0,0,3.05176e-06,0,0,0,0,0,0,0,9.76563e-05,5.49316e-05,0,0,0,0,0,0,0.000112915,0.00179138,8.8501e-05,0,0,0,0,0,0,0.0029541,0.00455627,0.00978394,6.10352e-05,0,0,0,0,0,0.00012207,0.0443115,0.0221771,0.000610352,2.74658e-05,0,0,0,0,0,2.13623e-05,0.0014801,0.0173401,0.804514,0.0944153,0.0371979,0.022876,0.016098,0.00856628,0.00600891,0.00350037,0.00221863,0.00176086,0.000985718,0.000653076,0.000567627,0.000436401,0.000161743,3.96729e-05
pic.0547.jpg,0.141907,0.0151367,0.0193359,0.000762939,0,0,0,0,0.000842285,0.000311279,0.00150452,0.000750732,0,0,0,0,0,7.01904e-05,5.18799e-05,0,0,0,0,0,0,0,1.2207e-05,0,0,0,0,0,0,0,0,0,0,0,0,0,0,0,0,0,0,0,0,0,0,0,0,0,0,0,0,0,0,0,0,0,0,0,0,0,0.173746,0.00083313,0.000271606,2.13623e-05,0,0,0,0,0.00289001,0.00769043,0.000643921,9.15527e-06,0,0,0,0,0.000125122,0.00151978,0.000396729,0,0,0,0,0,0,0,8.8501e-05,5.18799e-05,0,0,0,0,0,0,3.05176e-06,3.35693e-05,6.10352e-06,0,0,0,0,0,0,0,0,0,0,0,0,0,0,0,0,0,0,0,0,0,0,0,0,0,0,0,0.0552429,0.00285339,3.66211e-05,4.57764e-05,6.10352e-06,0,0,0,0.00157166,0.00291138,0.0006073,0.000177002,6.71387e-05,0,0,0,1.83105e-05,0.00231628,0.0069397,0.00258179,0,0,0,0,4.27246e-05,0.0006073,0.00114441,0.00237122,0,0,0,0,0,0,0,4.88281e-05,4.57764e-05,0,0,0,0,0,0,3.05176e-06,1.2207e-05,6.10352e-06,0,0,0,0,0,0,0,0,0,0,0,0,0,0,0,0,0,0,0.0255524,0.0105164,0,0,0,0,0,0,3.05176e-06,0.00178528,0.000109863,2.13623e-05,8.54492e-05,3.96729e-05,0,0,0,9.46045e-05,0.00131836,0.000802612,0.000344849,9.46045e-05,0,0,0,0.000131226,0.00303955,0.0114044,0.00905151,3.05176e-06,0,0,0,5.79834e-05,0.000689697,0.000515747,0.00354919,0,0,0,0,0,0,0,4.27246e-05,3.96729e-05,0,0,0,0,0,0,0,6.10352e-06,0,0,0,0,0,0,0,3.05176e-06,0,0,0.0104736,0.010202,0,0,0,0,0,0,0,0.000262451,4.57764e-05,0,0,1.83105e-05,0,0,6.10352e-06,3.05176e-06,0.000125122,6.10352e-05,0.000140381,0.000701904,0.000161743,0,0,3.05176e-06,0.000137329,0.000891113,0.00192261,0.0015625,0.000106812,0,0,6.10352e-06,0.000558472,0.00153503,0.0239502,0.0153748,2.13623e-05,0,0,0,4.57764e-05,0.000689697,0.000561523,0.00592346,0,0,0,0,0,0,0,4.27246e-05,9.15527e-06,0,0,0,0,0,0,0,0,0,0.000238037,0.0009552,0,0,0,0,0,0,0,9.15527e-06,0,3.05176e-06,0,0,0,0,6.10352e-06,2.13623e-05,9.15527e-06,1.52588e-05,0,6.10352e-06,0.00459595,6.10352e-06,0,4.88281e-05,4.57764e-05,2.74658e-05,5.18799e-05,0.000375366,0.0232574,0.000134277,0,0,1.52588e-05,2.13623e-05,0.000622559,0.00154114,0.00083313,6.10352e-06,0,0,0,0.00010376,0.000634766,0.0388519,0.0336487,0,0,0,0,0,2.13623e-05,0.000265503,0.0249542,0,0,0,0,0,0,0,3.35693e-05,6.10352e-06,0,0,0,0,0,0,0,0,0,3.05176e-06,3.05176e-06,0,0,0,0,0,1.52588e-05,3.05176e-06,0,0,0,0,0,0,1.2207e-05,7.01904e-05,6.10352e-06,0,1.52588e-05,0,3.05176e-06,6.10352e-06,0,0,2.13623e-05,3.05176e-06,2.74658e-05,3.35693e-05,1.83105e-05,3.05176e-06,0,0,0,0,6.10352e-06,0.000485229,0.00170898,0.00012207,0,0,0,0,0,0.000274658,0.0712067,0.0184875,0,0,0,0,0,0,0.000213623,0.0128967,0,0,0,0,0,0,0,0,0,0,0,0,0,0,0,0,0,0,0,0,0,0,0,0,3.05176e-06,1.2207e-05,0,0,3.05176e-06,0,0,0,0,0,0,0,0,6.10352e-06,0,0,0,0,0,3.05176e-06,3.05176e-06,1.83105e-05,2.13623e-05,0,0,0,0,0,3.05176e-06,1.83105e-05,0.000405884,0.000860596,0,0,0,0,0,3.05176e-06,0.000161743,0.167947,0.793875,0.096637,0.0378418,0.0214447,0.0142273,0.00968628,0.00758972,0.00547485,0.00383911,0.0025116,0.00187683,0.00145874,0.00127869,0.00101624,0.00093689,0.000305176
pic.0184.jpg,0.0753662,0.000411987,0,0,0,0,0,0,0.0309631,0.000723267,0,0,0,0,0,0,4.88281e-05,0,0,0,0,0,0,0,0,0,0,0,0,0,0,0,0,0,0,0,0,0,0,0,0,0,0,0,0,0,0,0,0,0,0,0,0,0,0,0,0,0,0,0,0,0,0,0,0.00437927,0.000335693,0,0,0,0,0,0,0.0365417,0.0297607,0.000411987,0,0,0,0,0,0.0181152,0.0242462,0.000646973,3.05176e-06,0,0,0,0,0.000537109,0.000158691,6.10352e-06,0,0,0,0,0,0,0,0,0,0,0,0,0,0,0,0,0,0,0,0,0,0,0,0,0,0,0,0,0,0,0,0,0,0,0,0,0,0.000482178,9.46045e-05,3.05176e-06,0,0,0,0,0,0.000631714,0.00531921,0.000888062,3.05176e-05,0,0,0,0,0.0046936,0.0322021,0.0239655,0.00124512,0,0,0,0,0.0139771,0.0250732,0.0204865,0.0013092,3.05176e-06,0,0,0,0.0017395,0.000924683,0.000421143,1.52588e-05,0,0,0,0,0,0,0,0,0,0,0,0,0,0,0,0,0,0,0,0,0,0,0,0,0,0,0,0,0.000201416,0.000109863,0,0,0,0,0,0,9.76563e-05,0.000723267,0.000216675,2.13623e-05,0,0,0,0,2.74658e-05,0.00093689,0.00447388,0.00107117,3.66211e-05,0,0,0,0.00143738,0.00700684,0.0251953,0.0240845,0.00516052,0,0,0,0.0112823,0.0129333,0.0236755,0.0180115,0.00394287,9.46045e-05,0,0,0.00180054,0.000964355,0.000900269,0.00027771,3.05176e-05,3.05176e-06,0,0,0,0,0,0,0,0,0,0,0,0,0,0,0,0,0,0,2.44141e-05,3.66211e-05,0,0,0,0,0,0,5.79834e-05,0.000158691,7.62939e-05,0,0,0,0,0,9.15527e-06,0.000131226,0.00043335,0.000131226,4.27246e-05,1.52588e-05,0,0,3.05176e-06,9.76563e-05,0.000741577,0.00317688,0.00178833,9.15527e-05,9.15527e-06,0,0.000354004,0.0022644,0.00690918,0.0198181,0.0323883,0.00812683,1.2207e-05,0,0.00620422,0.0110229,0.0103271,0.0185059,0.0142731,0.00328369,0.000177002,0,0.00050354,0.00149231,0.000274658,0.000363159,0.000210571,0,0,0,0,0,0,0,0,0,0,0,1.2207e-05,9.15527e-06,0,0,0,0,0,0,9.46045e-05,0.000137329,6.10352e-06,0,0,0,0,0,3.66211e-05,0.000128174,8.54492e-05,3.66211e-05,0,0,0,0,0,3.35693e-05,0.000115967,0.000198364,0.000128174,3.96729e-05,2.44141e-05,0,0,2.74658e-05,9.15527e-05,0.000561523,0.0024292,0.00141296,0.000106812,9.15527e-06,0.000149536,0.000888062,0.0021759,0.00656128,0.0159607,0.019809,0.00770569,6.10352e-06,0.00112305,0.0091095,0.0091095,0.0061554,0.0121033,0.0106018,0.00291748,5.49316e-05,6.10352e-06,6.71387e-05,0.000112915,4.27246e-05,7.01904e-05,3.35693e-05,0,0,1.2207e-05,4.57764e-05,0,0,0,0,0,0,0.00010376,0.000476074,6.10352e-06,0,0,0,0,0,1.2207e-05,0.000546265,0.000128174,3.05176e-06,0,0,0,0,3.05176e-06,7.62939e-05,0.000372314,0.000119019,6.10352e-06,6.10352e-06,0,0,0,3.05176e-06,6.40869e-05,0.000354004,0.000189209,3.66211e-05,4.27246e-05,2.74658e-05,0,0,2.44141e-05,4.57764e-05,0.000396729,0.00132446,0.00057373,4.88281e-05,2.44141e-05,0.00102844,0.00369568,0.00398254,0.00588989,0.0132202,0.0185852,0.00603333,1.2207e-05,0.000866699,0.00588074,0.0100128,0.00745544,0.00666504,0.00860291,0.0023407,3.05176e-06,0,0,0,0,0,0,0,1.52588e-05,0.00012207,1.52588e-05,0,0,0,0,0,0,0.000308228,8.23975e-05,0,0,0,0,0,0,2.74658e-05,0.000192261,6.10352e-06,0,0,0,0,0,0,1.83105e-05,7.93457e-05,2.44141e-05,3.05176e-06,0,0,0,0,9.15527e-06,6.10352e-06,0.000140381,9.46045e-05,2.13623e-05,9.15527e-06,0,0,3.05176e-06,3.05176e-06,4.88281e-05,0.000369263,0.000927734,0.001474,0,0,0.000469971,0.00220337,0.00848083,0.0126526,0.0193787,0.0985626,0.339642,0.20455,0.136938,0.0966461,0.0693359,0.0494751,0.035553,0.0244995,0.0167389,0.0107971,0.00692444,0.00429993,0.00245972,0.00141907,0.000653076,6.71387e-05
pic.0192.jpg,0.101898,0.0078064,1.52588e-05,0,0,0,0,0,0.000784302,0.00692749,0.0036377,0,0,0,0,0,0,0,0,0,0,0,0,0,0,0,0,0,0,0,0,0,0,0,0,0,0,0,0,0,0,0,0,0,0,0,0,0,0,0,0,0,0,0,0,0,0,0,0,0,0,0,0,0,0.0617676,0.0275757,0,0,0,0,0,0,0.0220734,0.167511,0.0120636,0.00102844,0,0,0,0,3.96729e-05,0.000637817,0.0135193,0.00794678,0.000192261,0,0,0,0,0,1.2207e-05,0,0,0,0,0,0,0,0,0,0,0,0,0,0,0,0,0,0,0,0,0,0,0,0,0,0,0,0,0,0,0,0,0,0,0,0,0,0.00198059,3.96729e-05,0,0,0,0,0,0,0.0120239,0.0332275,0.00712891,3.05176e-05,0,0,0,0,2.44141e-05,0.0226929,0.058667,0.00526123,0.000271606,0,0,0,6.10352e-06,4.88281e-05,0.000637817,0.0021637,0.0003479,2.44141e-05,0,0,0,0,3.05176e-06,0,6.10352e-06,0,0,0,0,0,0,0,0,0,0,0,0,0,0,0,0,0,0,0,0,0,0,0,0,0,0,0,0.000183105,1.83105e-05,0,0,0,0,0,0,0.000384521,0.000653076,3.05176e-05,0,0,0,0,0,0,0.000866699,0.0192017,0.000949097,0,0,0,0,0,4.57764e-05,0.0064209,0.0690979,0.0147308,3.05176e-06,0,0,0,3.66211e-05,5.18799e-05,0.000515747,0.0135437,0.000143433,0,0,0,0,0,3.05176e-06,9.15527e-06,0,0,0,0,0,0,0,0,0,0,0,0,0,0,0,0,0,0,0,7.32422e-05,0,0,0,0,0,0,0,3.05176e-06,5.18799e-05,0,0,0,0,0,0,0,2.44141e-05,0.00020752,0.000390625,0,0,0,0,0,3.05176e-06,0.00133362,0.0129181,0.0017395,0,0,0,0,6.10352e-06,9.76563e-05,0.0118195,0.140613,0.00542908,0,0,0,0,2.44141e-05,0.000125122,0.00127258,0.00394592,0.0011322,0,0,0,0,0,9.15527e-06,3.05176e-05,0,0,0,0,0,0,0,0,0,0,0,0,0,0,0,0,0,0,0,3.05176e-06,0,0,0,0,0,0,0,0,6.10352e-06,0,0,0,0,0,0,0,2.44141e-05,5.79834e-05,5.18799e-05,0,0,0,0,0,0,0.000161743,0.00369873,0.000131226,0,0,0,0,9.15527e-06,9.46045e-05,0.0018158,0.00491028,0.00360718,0,0,0,0,3.35693e-05,0.000296021,0.00306702,0.00260315,2.44141e-05,0,0,0,0,3.05176e-06,1.83105e-05,2.44141e-05,0,0,0,0,0,0,0,0,0,0,0,0,0,0,0,0,0,0,0,0,0,0,0,0,0,0,0,0,3.05176e-06,0,0,0,0,0,0,0,0,1.83105e-05,0,0,0,0,0,0,0,4.57764e-05,0.000454712,5.49316e-05,0,0,0,0,0,0.000112915,0.00286255,0.00617676,0.000164795,0,0,0,3.05176e-06,2.44141e-05,0.000430298,0.00488281,0.00186157,0,0,0,0,0,0,0,0,0,0,0,0,0,0,0,0,0,0,0,0,0,0,0,0,0,0,0,0,0,0,0,0,0,0,0,0,0,0,0,0,0,0,0,0,0,0,0,0,0,0,0,0,0,0.000125122,0.000415039,6.10352e-05,0,0,0,0,2.13623e-05,0.000305176,0.00818481,0.0649872,0.85376,0.0703278,0.0271271,0.0147461,0.00969849,0.00696411,0.00444031,0.00287781,0.00172119,0.00159607,0.00154114,0.00143127,0.00112,0.00107422,0.000952148,0.000622559
pic.1016.jpg,0.116696,0.00292358,0,0,0,0,0,0,0.0385315,0.00340576,3.66211e-05,0,0,0,0,0,3.05176e-06,3.05176e-06,0,0,0,0,0,0,0,0,0,0,0,0,0,0,0,0,0,0,0,0,0,0,0,0,0,0,0,0,0,0,0,0,0,0,0,0,0,0,0,0,0,0,0,0,0,0,0.00484009,0.000436401,0,0,0,0,0,0,0.0743622,0.127414,0.00737,0,0,0,0,0,0.0120911,0.030365,0.00342407,3.96729e-05,0,0,0,0,1.2207e-05,2.44141e-05,3.05176e-06,3.05176e-06,0,0,0,0,0,0,0,0,0,0,0,0,0,0,0,0,0,0,0,0,0,0,0,0,0,0,0,0,0,0,0,0,0,0,0,0,0.0115662,0.000170898,0,0,0,0,0,0,0.000363159,0.0138947,0.00104065,0,0,0,0,0,0.00310364,0.0490753,0.0833832,0.00162964,0,0,0,0,0.000891113,0.0159698,0.0135468,0.000915527,1.2207e-05,0,0,0,0,3.05176e-05,2.74658e-05,3.05176e-06,3.05176e-06,0,0,0,0,0,0,0,0,0,0,0,0,0,0,0,0,0,0,0,0,0,0,0,0,0,0,0,0.0192688,0.000469971,0,0,0,0,0,0,5.49316e-05,0.000469971,3.35693e-05,0,0,0,0,0,6.10352e-06,0.000296021,0.00336304,0.0009552,0,0,0,0,0.000244141,0.00427551,0.0186676,0.0117065,0.000909424,0,0,0,9.76563e-05,0.00265503,0.0117188,0.0100464,0.00123596,0.000186157,0,0,0,3.05176e-06,2.13623e-05,0,2.13623e-05,0,0,0,0,0,0,0,0,0,0,0,0,0,0,0,0,0,0,0,0.0157043,0.00146179,0,0,0,0,0,0,1.83105e-05,0.000494385,0.000149536,0,0,0,0,0,0,4.88281e-05,0.00027771,4.88281e-05,0,0,0,0,0,1.2207e-05,0.000296021,0.000637817,0.000189209,0,0,0,1.83105e-05,0.000997925,0.00466309,0.0142181,0.010022,0.000805664,0,0,9.15527e-06,0.000372314,0.0026947,0.00783081,0.00844421,0.000634766,0,0,0,0,0,9.15527e-06,3.05176e-06,0,0,0,0,0,0,0,0,0,0,0,0.00755005,0.00202942,0,0,0,0,0,0,0,0.000665283,0.000335693,3.05176e-06,0,0,0,0,0,1.83105e-05,0.000326538,0.000109863,0,0,0,0,0,0,4.88281e-05,0.000302124,3.35693e-05,0,0,0,0,0,0,9.46045e-05,0.000549316,0.000131226,0,0,3.05176e-06,9.76563e-05,0.00106506,0.00409851,0.0127197,0.0107269,0.000396729,0,0,3.35693e-05,0.000436401,0.00187378,0.0047699,0.0073822,0.000369263,0,0,0,0,0,0,0,0,0,0.00134277,0.0028595,4.27246e-05,0,0,0,0,0,0,0.000848389,0.000765991,6.10352e-06,0,0,0,0,0,9.15527e-06,0.000442505,0.000241089,0,0,0,0,0,0,3.05176e-05,0.000296021,7.93457e-05,0,0,0,0,0,0,7.93457e-05,0.000308228,1.83105e-05,0,0,0,0,0,3.05176e-06,8.54492e-05,0.000619507,0.000112915,3.05176e-06,0,0,8.8501e-05,0.000820923,0.00352783,0.0117523,0.0118988,0.000317383,0,0,2.44141e-05,0.000308228,0.00119629,0.00314331,0.00689697,0.000308228,3.05176e-06,0.000189209,4.88281e-05,0,0,0,0,0,0,0.000115967,0.000448608,3.05176e-05,0,0,0,0,0,0,0.000234985,0.000265503,0,0,0,0,0,0,1.52588e-05,0.000259399,0.000180054,0,0,0,0,0,0,4.27246e-05,0.000332642,7.62939e-05,0,0,0,0,0,0,7.01904e-05,0.000436401,6.40869e-05,0,0,0,0,0,0,0.000131226,0.000842285,0.000170898,0,0,0,1.83105e-05,0.000582886,0.0030426,0.0150055,0.0983643,0.539291,0.157816,0.0958405,0.0669556,0.0474121,0.0329376,0.0220947,0.0142395,0.00895081,0.00559692,0.00360107,0.00205383,0.00133362,0.000997925,0.00072937,0.000149536
pic.0135.jpg,0.0860565,0.000332642,0,0,0,0,0,0,0.0423157,0.00492249,0,0,0,0,0,0,0.000115967,0.000317383,6.10352e-06,0,0,0,0,0,0,0,0,0,0,0,0,0,0,0,0,0,0,0,0,0,0,0,0,0,0,0,0,0,0,0,0,0,0,0,0,0,0,0,0,0,0,0,0,0,0.0042511,0.000164795,0,0,0,0,0,0,0.0178345,0.0535522,0.000524902,0,0,0,0,0,0.000570679,0.0957611,0.0124359,9.15527e-06,3.05176e-06,0,0,0,0,0.000457764,0.00210266,0,0,0,0,0,0,0,0,0,0,0,0,0,0,0,0,0,0,0,0,0,0,0,0,0,0,0,0,0,0,0,0,0,0,0,0,0,4.27246e-05,0,0,0,0,0,0,0,0.00483704,0.00136108,0.000427246,0,0,0,0,0,0.000262451,0.0212067,0.109262,0.000982666,0.000518799,0,0,0,0,0.00120239,0.156284,0.0278259,0.00235596,0,0,0,0,0,0.00105591,0.00323792,3.05176e-06,0,0,0,0,0,0,0,0,0,0,0,0,0,0,0,0,0,0,0,0,0,0,0,0,0,0,0,0,0,0,0,0,0,0,0,0.00161133,2.13623e-05,0,0,0,0,0,0,0.00122681,0.00093689,0.00284119,0.000671387,3.05176e-06,0,0,0,1.83105e-05,0.000256348,0.0229309,0.105362,0.000643921,0,0,0,0,0,0.00100098,0.0744385,0.00898132,3.05176e-05,0,0,0,0,0,0.000408936,0.000961304,0,0,0,0,0,0,0,0,0,0,0,0,0,0,0,0,0,0,0,0,0,0,0,0,0,0,0,2.44141e-05,0,0,0,0,0,0,0,0.000595093,0.000106812,1.83105e-05,0,0,0,0,0,0.000253296,0.000836182,0.000823975,0.00312805,0.000512695,0,0,0,6.10352e-06,0.000109863,0.000476074,0.00904236,0.0293762,0.000238037,0,0,0,0,3.05176e-06,0.000320435,0.0153748,0.00220337,0.00012207,0,0,0,0,0,5.18799e-05,0.000195313,6.10352e-06,0,0,0,0,0,0,0,0,0,0,0,0,0,0,0,0,0,0,0,0,0,0,0,0,0,0,0,0,0,0,0,0,0,0.000424194,0.00045166,9.76563e-05,1.2207e-05,3.05176e-06,0,0,0,0.000216675,0.00124817,0.000973511,0.000692749,0.00163574,9.15527e-05,0,0,0,4.88281e-05,0.00027771,0.00045166,0.0022644,0.00521545,0.00038147,3.05176e-06,0,0,0,0,2.13623e-05,0.00216064,0.000872803,0.00010376,0,0,0,0,0,0,6.10352e-06,0,0,0,0,0,0,0,0,0,0,0,0,0,0,0,0,0,0,0,0,0,0,0,0,0,3.05176e-06,0,0,0,0,0,0,0,7.62939e-05,0.000854492,0.000183105,3.35693e-05,1.2207e-05,0,0,0,0,0.000985718,0.00201721,0.00118713,0.000744629,0.000460815,2.13623e-05,0,0,9.15527e-06,0.000360107,0.00071106,0.000753784,0.000823975,0.00113831,0.000268555,0,0,0,9.15527e-06,3.05176e-06,6.10352e-06,0.000320435,0.000143433,0,0,0,0,0,0,0,0,0,0,0,0,0,0,0,0,0,0,0,0,0,0,0,0,0,0,0,0,0,0,0,0,0,0,3.05176e-06,0,0,0,0,0,0,5.79834e-05,0.000491333,7.01904e-05,3.05176e-06,6.10352e-06,0,0,0,6.10352e-06,0.00228271,0.00469666,0.00185852,0.000564575,0.000180054,3.05176e-06,0,0,1.2207e-05,0.00104065,0.0108185,0.00675354,0.00264587,0.0009552,0.19523,0.242307,0.195096,0.138483,0.0931549,0.0600342,0.035553,0.019928,0.0099762,0.00487976,0.00248413,0.00128174,0.000717163,0.000448608,0.000311279,0.000115967
pic.0069.jpg,0.00995483,7.32422e-05,0,0,0,0,0,0,3.66211e-05,1.2207e-05,0,0,0,0,0,0,0,0,0,0,0,0,0,0,0,0,0,0,0,0,0,0,0,0,0,0,0,0,0,0,0,0,0,0,0,0,0,0,0,0,0,0,0,0,0,0,0,0,0,0,0,0,0,0,0.0309845,0.000100708,6.10352e-06,0,0,0,0,0,0.010788,0.00434875,0.000204468,2.44141e-05,0,0,0,0,0,0.000228882,0.000238037,0,0,0,0,0,0,0,0,0,0,0,0,0,0,0,0,0,0,0,0,0,0,0,0,0,0,0,0,0,0,0,0,0,0,0,0,0,0,0,0,0,0,0,0,0,0.00126343,2.13623e-05,0,0,0,0,0,0,0.00967102,0.0323151,9.76563e-05,1.52588e-05,0,0,0,0,2.74658e-05,0.0455933,0.0228943,0.000146484,0,0,0,0,0,0,0.000372314,0.000140381,0,0,0,0,0,0,0,0,0,0,0,0,0,0,0,0,0,0,0,0,0,0,0,0,0,0,0,0,0,0,0,0,0,0,0,0,0.000350952,3.05176e-05,0,0,0,0,0,0,0.000402832,0.000579834,0,0,0,0,0,0,1.52588e-05,0.0370422,0.062973,0.00022583,6.10352e-06,0,0,0,0,0.00170288,0.125333,0.0533752,0.000299072,0,0,0,0,0,0,0.000866699,0.00131226,0,0,0,0,0,0,0,0,0,0,0,0,0,0,0,0,0,0,0,0,0,0,0,0,0,0,0,0.000415039,0.000125122,0,0,0,0,0,0,0,0.000125122,9.15527e-06,0,0,0,0,0,0,6.10352e-05,0.000549316,1.52588e-05,0,0,0,0,0,5.49316e-05,0.0235565,0.109363,0.000244141,0,0,0,0,0,0.00351563,0.0809723,0.0640747,0.0191284,0,0,0,0,0,0,0.000408936,0.0118042,0,0,0,0,0,0,0,0,0,0,0,0,0,0,0,0,0,0,0.000247192,0.000158691,0,0,0,0,0,0,0,0.000189209,1.83105e-05,0,0,0,0,0,0,2.13623e-05,0.000332642,4.57764e-05,9.15527e-06,0,0,0,0,0,2.13623e-05,8.23975e-05,0.000125122,0,0,0,0,3.05176e-06,0.000134277,0.0150696,0.00381775,0.00101929,0,0,0,0,1.52588e-05,0.00445862,0.0219482,0.00999756,0.000247192,0,0,0,0,0,0,0.00022583,0.000872803,0,0,0,0,0,0,0,0,0,4.57764e-05,0.000415039,0,0,0,0,0,0,0,0.000241089,0.00010376,0,0,0,0,0,0,0,0.000143433,0,6.10352e-06,0,0,0,0,0,0,3.05176e-06,0.000259399,4.57764e-05,0,0,0,0,0,3.05176e-05,9.46045e-05,0.000106812,0,0,0,0,9.15527e-06,3.66211e-05,0.00969238,0.00196228,7.01904e-05,0,0,0,2.13623e-05,3.66211e-05,0.00241089,0.0185059,0.0161346,0.000195313,0,0,0,0,0,0,0.00161438,0.000466919,0,0,0,0,0,0,0,0,0,3.05176e-06,1.2207e-05,0,0,0,0,0,0,0,0,0,0,0,0,0,0,0,0,0,3.96729e-05,0.000119019,0,0,0,0,0,0,0,9.46045e-05,3.05176e-06,0,0,0,0,0,0,4.27246e-05,6.71387e-05,0,0,0,0,0,6.10352e-06,0.00192566,0.00331116,8.23975e-05,0,0,0,0,3.05176e-06,3.05176e-06,0.00837097,0.105707,0.839532,0.0683167,0.0292603,0.0182343,0.0122772,0.00874329,0.00567627,0.00424805,0.00324402,0.00297852,0.00274963,0.00238342,0.0015625,0.000445557,0.000219727,0.000128174
pic.1010.jpg,0.0284454,0.0449738,0,0,0,0,0,0,3.96729e-05,0.0165466,2.74658e-05,0,0,0,0,0,0,0,0,0,0,0,0,0,0,0,0,0,0,0,0,0,0,0,0,0,0,0,0,0,0,0,0,0,0,0,0,0,0,0,0,0,0,0,0,0,0,0,0,0,0,0,0,0,0.00651245,0.000289917,0,0,0,0,0,0,0.000106812,0.0285278,0.0164917,0,0,0,0,0,0,9.46045e-05,0.00957642,2.13623e-05,0,0,0,0,0,0,3.05176e-06,0,0,0,0,0,0,0,0,0,0,0,0,0,0,0,0,0,0,0,0,0,0,0,0,0,0,0,0,0,0,0,0,0,0,0,0,0,0.00376587,1.52588e-05,0,0,0,0,0,0,1.83105e-05,0.000363159,0.000292969,0,0,0,0,0,0,0.000308228,0.0453735,0.0147736,0,0,0,0,0,0,0.000250244,0.0107697,0,0,0,0,0,0,0,0,0,0,0,0,0,0,0,0,0,0,0,0,0,0,0,0,0,0,0,0,0,0,0,0,0,0,0,0,0.00335388,8.8501e-05,0,0,0,0,0,0,2.74658e-05,0.000192261,1.83105e-05,0,0,0,0,0,0,3.35693e-05,0.00088501,0.000524902,0,0,0,0,0,0,0.000979614,0.0833374,0.0133606,0,0,0,0,0,0,0.000799561,0.011377,0,0,0,0,0,0,3.05176e-06,6.10352e-06,0,0,0,0,0,0,0,0,0,0,0,0,0,0,0,0,0,0,0,0.00410156,0.00027771,0,0,0,0,0,0,2.74658e-05,0.000442505,3.96729e-05,0,0,0,0,0,0,3.66211e-05,0.000241089,1.2207e-05,0,0,0,0,0,0,3.05176e-05,0.00269775,0.000802612,0,0,0,0,0,0,0.00396118,0.16362,0.00984192,0,0,0,0,0,0,0.00315857,0.011322,0,0,0,0,0,0,3.05176e-06,0,0,0,0,0,0,0,0,0,0,0,0.00678101,0.00120239,3.05176e-06,0,0,0,0,0,4.27246e-05,0.00115356,0.000164795,0,0,0,0,0,0,6.40869e-05,0.000531006,4.27246e-05,0,0,0,0,0,0,8.54492e-05,0.000372314,1.52588e-05,0,0,0,0,0,0,9.15527e-05,0.0076416,0.000784302,0,0,0,0,0,0,0.0169556,0.251981,0.00645447,0,0,0,0,0,0,0.00314026,0.01026,0,0,0,0,0,0,0,9.15527e-06,0,0.00862122,0.00337524,3.05176e-06,0,0,0,0,0,0,0.00184326,0.00067749,0,0,0,0,0,0,1.83105e-05,0.000997925,0.000109863,0,0,0,0,0,0,0.000164795,0.000564575,2.44141e-05,0,0,0,0,0,0,0.00022583,0.000363159,1.52588e-05,0,0,0,0,0,3.05176e-06,9.46045e-05,0.00439148,0.000418091,0,0,0,0,0,3.05176e-06,0.00904846,0.0865875,0.00133057,0,0,0,0,0,0,0.000595093,0.00161743,0.000152588,0.000369263,9.15527e-06,0,0,0,0,0,0,0.000268555,0.000445557,3.05176e-06,0,0,0,0,0,0,0.000509644,0.000283813,3.05176e-06,0,0,0,0,0,2.44141e-05,0.000616455,7.93457e-05,0,0,0,0,0,0,0.000201416,0.000427246,9.15527e-06,0,0,0,0,0,6.10352e-06,0.000311279,0.000195313,1.2207e-05,0,0,0,0,0,9.15527e-06,0.000131226,0.0011322,0.000134277,0,0,0,0,0,6.10352e-06,0.00144043,0.0211578,0.254245,0.267999,0.178354,0.112662,0.0700775,0.044986,0.0285339,0.0184906,0.0111572,0.00661316,0.00367432,0.00198669,0.00085144,0.000292969,6.10352e-05,1.52588e-05
pic.0535.jpg,0.113052,0.00715637,3.96729e-05,0,0,0,0,0,0.000354004,0.00299377,0.000134277,0.000106812,0,0,0,0,0,0,0,1.2207e-05,0,0,0,0,0,0,0,0,0,0,0,0,0,0,0,0,0,0,0,0,0,0,0,0,0,0,0,0,0,0,0,0,0,0,0,0,0,0,0,0,0,0,0,0,0.0482422,0.00966797,2.13623e-05,0,0,0,0,0,0.028183,0.121094,0.00396729,8.23975e-05,0,0,0,0,0,0.000582886,0.00202942,0.000369263,0.000115967,0,0,0,0,0,0,0,2.74658e-05,2.74658e-05,0,0,0,0,0,0,0,0,0,0,0,0,0,0,3.05176e-06,0,0,0,0,0,0,0,0,0,0,0,0,0,0,0,0,0,0,0,0.00112305,0.000149536,0,0,0,0,0,0,0.0145325,0.0725189,0.00309143,2.44141e-05,0,0,0,0,1.52588e-05,0.0235596,0.0772644,0.00379028,3.66211e-05,0,0,0,0,0,0.00114136,0.00267029,0.000320435,0.000146484,0,0,0,0,0,0,0,3.66211e-05,9.15527e-05,0,0,0,0,0,0,9.15527e-06,0,0,0,0,0,0,0,0,0,0,0,0,0,0,0,0,0,0,3.05176e-06,3.05176e-06,0,0,0,0,0,0,0.000619507,0.0089325,8.8501e-05,0,0,0,0,0,1.2207e-05,0.0164185,0.0278076,0.00236816,2.13623e-05,0,0,0,0,2.13623e-05,0.0185791,0.0480835,0.00702515,4.27246e-05,0,0,0,0,0,0.00149536,0.00582886,0.000189209,3.66211e-05,0,0,0,0,0,0,3.05176e-06,3.05176e-06,0,0,0,0,0,0,3.05176e-06,6.10352e-06,0,0,0,0,0,0,0,0,0,0,0,0,0,0,0,0,0,0,5.79834e-05,2.13623e-05,0,0,0,0,0,0,0.00595093,0.0123199,0.000418091,0,0,0,0,0,3.35693e-05,0.0148254,0.0134674,0.000970459,3.96729e-05,0,0,0,0,6.71387e-05,0.0126129,0.034491,0.00709839,4.27246e-05,0,0,0,0,0,0.00128784,0.00703125,0.000125122,0,0,0,0,0,0,3.05176e-06,0,0,0,0,0,0,0,0,0,0,0,0,0,0,0,0,0,0,0,0,0,0,0,0,0,0,0,0,1.2207e-05,0,0,0,0,0,0,0,0.00321045,0.00326843,2.13623e-05,0,0,0,0,0,0.000167847,0.00817871,0.0102539,0.000549316,3.05176e-06,0,0,0,0,6.71387e-05,0.00888062,0.0233795,0.00861511,2.44141e-05,0,0,0,0,0,0.00100098,0.00852051,6.10352e-05,0,0,0,0,0,0,3.05176e-06,0,0,0,0,0,0,0,0,0,0,0,0,0,0,0,0,0,0,0,0,0,0,0,0,0,0,0,3.05176e-06,0,0,0,0,0,0,0,3.05176e-06,0.00112915,0.00110168,6.10352e-06,0,0,0,0,0,4.27246e-05,0.0038147,0.00519714,0.000268555,0,0,0,0,0,1.52588e-05,0.00386353,0.013031,0.00644531,0,0,0,0,0,0,0.000402832,0.0079834,0,0,0,0,0,0,0,0,0,0,0,0,0,0,0,0,0,0,0,0,0,0,0,0,0,0,0,0,0,0,0,0,0,0,0,0,0,0,0,0,0,0,0,0,0.000125122,0.000106812,0,0,0,0,0,0,6.10352e-06,0.000683594,0.0014801,0.000131226,0,0,0,0,0,0,0.00150757,0.0891937,0.523447,0.181406,0.101147,0.0657959,0.0428864,0.0285461,0.0188477,0.0127411,0.00907593,0.00550842,0.00353088,0.00237427,0.0019043,0.00133972,0.00101929,0.000430298
pic.0640.jpg,0.00458679,0.00950623,0,0,0,0,0,0,0,0,0,0,0,0,0,0,0,0,0,0,0,0,0,0,0,0,0,0,0,0,0,0,0,0,0,0,0,0,0,0,0,0,0,0,0,0,0,0,0,0,0,0,0,0,0,0,0,0,0,0,0,0,0,0,0.00177002,0.0305328,0.00090332,0,0,0,0,0,0,0.0035553,0.216031,0.000787354,0,0,0,0,0,6.10352e-06,2.44141e-05,9.15527e-06,0,0,0,0,0,0,0,0,0,0,0,0,0,0,0,0,0,0,0,0,0,0,0,0,0,0,0,0,0,0,0,0,0,0,0,0,0,0,0,0,0,0,0,0,0,0.0110657,0.0020813,0,0,0,0,0,0,0.000912476,0.298462,0.321857,2.74658e-05,0,0,0,0,0,0.000604248,0.00996399,0.00149536,9.15527e-06,0,0,0,0,3.05176e-06,7.32422e-05,0.000646973,7.01904e-05,0,0,0,0,0,0,0,6.10352e-06,0,0,0,0,0,0,0,0,0,0,0,0,0,0,0,0,0,0,0,0,0,0,0,0,0,0,0,0.00225525,0.00151978,0,0,0,0,0,0,0.0015564,0.0285126,0.0112701,8.23975e-05,0,0,0,0,0,6.10352e-06,0.00353394,0.00344849,0.000265503,0,0,0,0,0,0.000289917,0.0026825,0.00253906,0.000253296,0,0,0,0,3.05176e-06,0.000250244,0.00151672,0.000744629,0,0,0,0,0,0,2.44141e-05,0.000140381,0,0,0,0,0,0,0,0,0,0,0,0,0,0,0,0,0,0,0,0,0,0,0,0,0,0,0,0,0,0,0,0,0,0,0,0,9.15527e-06,0.00017395,9.15527e-06,0,0,0,0,0,3.05176e-06,0.000402832,0.000643921,4.57764e-05,0,0,0,0,0,0.000439453,0.00255432,0.00138245,1.2207e-05,0,0,0,0,9.15527e-06,0.000518799,0.00278931,0.000604248,0,0,0,0,0,0,0.00017395,0.000753784,0,0,0,0,0,0,0,0,0,0,0,0,0,0,0,0,0,0,0,0,0,0,0,0,0,0,0,0,0,0,0,0,0,0,0,0,0,0,0,0,0,0,0,0,0,0.000125122,6.10352e-05,0,0,0,0,0,6.10352e-06,0.000354004,0.00123291,0.000213623,0,0,0,0,0,2.13623e-05,0.000933838,0.00325012,0,0,0,0,0,0,9.15527e-06,0.000726318,0,0,0,0,0,0,0,0,0,0,0,0,0,0,0,0,0,0,0,0,0,0,0,0,0,0,0,0,0,0,0,0,0,0,0,0,0,0,0,0,0,0,0,0,0,3.05176e-06,3.35693e-05,6.10352e-06,0,0,0,0,0,3.05176e-06,0.000637817,0.000845337,0,0,0,0,0,0,8.54492e-05,0.00189514,0,0,0,0,0,0,0,0,0,0,0,0,0,0,0,0,0,0,0,0,0,0,0,0,0,0,0,0,0,0,0,0,0,0,0,0,0,0,0,0,0,0,0,0,0,0,0,0,0,0,0,0,0,0,1.2207e-05,2.74658e-05,0,0,0,0,0,0,2.13623e-05,0.00308533,0.942999,0.0185547,0.0106873,0.00709229,0.00550537,0.00433655,0.00386047,0.00245361,0.001651,0.00109253,0.000708008,0.000588989,0.000271606,0.00010376,5.79834e-05,3.66211e-05
pic.0318.jpg,0.00434265,0.000689697,7.32422e-05,1.2207e-05,3.05176e-06,0,0,0,0.000375366,0.000949097,9.15527e-06,4.88281e-05,0.000238037,0.000167847,0,0,0,0,0,0,6.10352e-06,3.66211e-05,3.05176e-06,0,0,0,0,0,0,0,0,0,0,0,0,0,0,0,0,0,0,0,0,0,0,0,0,0,0,0,0,0,0,0,0,0,0,0,0,0,0,0,0,0,0.0172546,0.0164581,0.000134277,3.05176e-06,0,0,0,0,0.00936279,0.0110382,0.00192871,0.000653076,0.000476074,0.000265503,0,0,0,0.00131531,0.0019989,0.000454712,0.00015564,0.00108948,0.00162048,0,0,0,0,0,0,4.57764e-05,0.00124817,6.10352e-06,0,0,0,0,0,0,0,0,0,0,0,0,0,0,0,0,0,0,0,0,0,0,0,0,0,0,0,0,0,0,0,0,0.00237732,0.0775757,0.00010376,0,0,0,0,0,0.00726624,0.0150269,0.000814819,0.00020752,1.2207e-05,0,0,0,0.000198364,0.00640564,0.00823059,0.0026062,0.000576782,0.000137329,7.01904e-05,0,0,6.10352e-06,0.00151978,0.00164795,0.00131836,0.000595093,0.0011322,0,0,0,0,0,0,9.15527e-06,6.10352e-05,3.05176e-06,0,0,0,0,0,0,0,0,0,0,0,0,0,0,0,0,0,0,0,0,0,0,0,0,0,0.0124908,0,0,0,0,0,0,0.000186157,0.0733978,0.007901,2.13623e-05,0,0,0,0,0.000970459,0.0181122,0.00988464,0.000534058,5.79834e-05,0,0,0,2.44141e-05,0.0191071,0.0534149,0.0119171,0.00387878,0.00108032,3.66211e-05,0,0,0,0,0.000994873,0.00367737,0.00366211,0.00133667,1.2207e-05,0,0,0,0,0,0,2.13623e-05,1.2207e-05,0,0,0,0,0,0,0,0,0,0,0,0,0,0,0,0,0,0,0,0,0,0,0,0,0,0.00204773,0.0101654,9.15527e-06,0,0,0,0,0.00010376,0.00535278,0.00744019,0.00172424,0,0,0,0,0.000350952,0.00525818,0.0440399,0.0221436,0.000726318,2.44141e-05,0,0,3.05176e-06,6.71387e-05,0.000796509,0.0428528,0.0353088,0.00600891,0.000616455,0,0,0,0,0,0.00293579,0.00542908,0.00619202,0.000164795,0,0,0,0,0,0,6.10352e-06,9.15527e-06,0,0,0,0,0,0,0,0,0,0,0,0,0,0,0,0,0,0,0,0,0,0,0,0,0,3.05176e-06,1.83105e-05,1.83105e-05,0,0,0,0,6.40869e-05,0.00144653,0.00124512,0.0020752,0.000598145,0,0,0,0.00134583,0.00130615,0.0011322,0.0049408,0.0279388,0.000775146,9.15527e-06,0,0,0,0,0.000387573,0.0329163,0.0176453,0.00639343,0.000119019,0,0,0,0,0,0.00176392,0.00819092,0.00202332,0,0,0,0,0,0,0,3.05176e-06,0,0,0,0,0,0,0,0,0,0,0,0,0,0,0,0,0,0,0,0,0,0,0,0,0,0,0,0,0,0,0,0,0.000131226,9.15527e-06,0,0.00157776,0.00335388,0.000357056,0,0,2.13623e-05,0,0,0.00088501,0.0159027,0.0147522,0.000427246,0,0,0,0,0,0.00321045,0.0255524,0.0588135,0.0168152,0,0,0,0,0,1.2207e-05,0.000610352,0.0276672,0,0,0,0,0,0,0,0,0,0,0,0,0,0,0,0,0,0,0,0,0,0,0,0,0,0,0,0,0,0,0,0,0,0,0,0,0,0,0,0,0,0,0,0,0,5.49316e-05,0,0,0,0,0,0,0,0.00473633,0.00172119,0.000320435,0,0,0,0,0,0.000421143,0.00171204,0.0856995,0.835846,0.0961639,0.0340759,0.0166931,0.00786743,0.00427856,0.00214233,0.00144043,0.00062561,0.000308228,0.000180054,0.000158691,0.000128174,6.10352e-05,2.13623e-05,9.15527e-06
pic.0274.jpg,0.36889,0.0043457,3.66211e-05,0,0,0,0,0,0.0228027,0.00559082,0.000244141,3.35693e-05,0,0,0,0,0,0,0,0,0,0,0,0,0,0,0,0,0,0,0,0,0,0,0,0,0,0,0,0,0,0,0,0,0,0,0,0,0,0,0,0,0,0,0,0,0,0,0,0,0,0,0,0,0.00163574,0.000332642,0,0,0,0,0,0,0.0305359,0.0757751,0.00237122,0.000140381,3.05176e-06,0,0,0,0.000210571,0.00324707,0.00230408,0.00103455,0.000299072,0,0,0,0,0,0,0,2.74658e-05,1.83105e-05,0,0,0,0,0,0,0,0,0,0,0,0,0,0,0,0,0,0,0,0,0,0,0,0,0,0,0,0,0,0,0,0,0,0,0,0,0,0,0,0,0,0,5.49316e-05,0.00114746,9.46045e-05,6.10352e-06,0,0,0,0,0.000222778,0.0106262,0.0127289,0.00250549,0.000515747,3.05176e-06,0,0,0,0.000152588,0.00137634,0.00186462,0.00186157,0.0322479,0.0793427,0,0,0,0,0,3.05176e-06,0.000372314,0.0738098,0,0,0,0,0,0,0,0,0,0,0,0,0,0,0,0,0,0,0,0,0,0,0,0,0,0,0,0,0,0,0,0,0,0,0,0,0,0,0,0,0,0,0.000109863,0.000854492,4.88281e-05,0,0,0,0,0,0.000164795,0.00281677,0.0073822,0.00171814,0.000863647,2.74658e-05,0,0,0,0,0.000723267,0.00137634,0.00321655,0.0776794,0,0,0,0,0,0,1.52588e-05,0.0406708,0.000219727,0,0,0,0,0,0,0,0,0,0,0,0,0,0,0,0,0,0,0,0,0,0,0,0,0,0,0,0,0,0,0,0,0,0,0,0,0,0,0,0,0,0,0.000262451,0.000952148,1.52588e-05,0,0,0,0,0,1.2207e-05,0.00205994,0.0046051,0.00145874,0.000375366,0,0,0,0,0,0.000460815,0.0011261,0.0212616,0.0122437,0,0,0,0,0,0,0.000299072,0.00391846,0,0,0,0,0,0,0,0,0,0,0,0,0,0,0,0,0,0,0,0,0,0,0,0,0,0,0,0,0,0,0,0,0,0,0,0,0,0,0,0,0,0,0,0.000634766,0.000546265,1.83105e-05,0,0,0,0,0,5.49316e-05,0.00120544,0.00234985,0.00341187,0.00022583,0,0,0,0,0,0.000115967,0.00548096,0.0182281,0,0,0,0,0,0,0,1.2207e-05,0,0,0,0,0,0,0,0,0,0,0,0,0,0,0,0,0,0,0,0,0,0,0,0,0,0,0,0,0,0,0,0,0,0,0,0,0,0,0,0,0,0,0,0,0.000286865,0.000192261,6.10352e-06,0,0,0,0,0,6.10352e-06,0.000299072,0.00248718,0.0189697,0,0,0,0,0,0,4.57764e-05,0.00747986,0,0,0,0,0,0,0,0,0,0,0,0,0,0,0,0,0,0,0,0,0,0,0,0,0,0,0,0,0,0,0,0,0,0,0,0,0,0,0,0,0,0,0,0,0,0,0,0,0,0,0,0,0,3.05176e-06,1.2207e-05,9.15527e-06,0,0,0,0,0,0,0.000131226,0.0120331,0.780612,0.108472,0.0469452,0.023056,0.0137726,0.00951233,0.0062561,0.00457458,0.00276184,0.00172424,0.00101624,0.000610352,0.000378418,0.000158691,9.46045e-05,5.49316e-05
pic.1019.jpg,0.096579,0.00769958,0,0,0,0,0,0,0.01185,0.00653992,9.46045e-05,0,0,0,0,0,0,0,0,3.05176e-06,0,0,0,0,0,0,0,0,0,0,0,0,0,0,0,0,0,0,0,0,0,0,0,0,0,0,0,0,0,0,0,0,0,0,0,0,0,0,0,0,0,0,0,0,0.00919495,0.00170593,0,0,0,0,0,0,0.0277802,0.0312225,0.0243958,4.27246e-05,0,0,0,0,0.0116364,0.00264893,0.00993652,0.00794678,1.2207e-05,0,0,0,0,0,0,0,0,0,0,0,0,0,0,0,0,0,0,0,0,0,0,0,0,0,0,0,0,0,0,0,0,0,0,0,0,0,0,0,0,0,0,0,0.0140045,0.000140381,0,0,0,0,0,0,0.00186462,0.00785217,0.00153198,1.52588e-05,0,0,0,0,0.0207764,0.0328308,0.0101105,0.00880432,0.000592041,0,0,0,0.00786133,0.024765,0.00192261,0.00135803,0.00204468,5.79834e-05,0,0,0,0,0,0,0,0,0,0,0,0,0,0,0,0,0,0,0,0,0,0,0,0,0,0,0,0,0,0,0,0,0,0,0.0226624,0.000198364,0,0,0,0,0,0,0.000604248,0.00306396,0.000283813,6.10352e-06,0,0,0,0,0.000289917,0.00451965,0.00646057,0.00108643,2.13623e-05,0,0,0,0.0035675,0.0578156,0.0275543,0.00493774,0.0013092,0.000183105,0,0,0.000408936,0.037851,0.0208466,0.00115967,0.000997925,0.000308228,0,0,0,0,3.05176e-06,0,0,0,0,0,0,0,0,0,0,0,0,0,0,0,0,0,0,0,0,0,0.0180359,0.000457764,0,0,0,0,0,0,0.000506592,0.00219116,0.00020752,0,0,0,0,0,3.66211e-05,0.000997925,0.00502319,0.00280762,9.15527e-06,0,0,0,3.05176e-05,0.00161743,0.0055603,0.0056366,0.000726318,9.15527e-06,0,0,3.05176e-05,0.0102783,0.0464661,0.0154205,0.00465088,0.000756836,0,0,0,0.000164795,0.00737915,0.00750122,0.00055542,0.00149231,0.000177002,0,0,0,0,0,3.05176e-06,0,0,0,0,0,0,0,0,0,0,0,0.0140991,0.00117798,3.05176e-06,0,0,0,0,0,0.000646973,0.00389404,0.000479126,0,0,0,0,0,0.000131226,0.000820923,0.0021759,0.000262451,6.10352e-06,0,0,0,5.18799e-05,0.000280762,0.0012085,0.00167847,0.000369263,0,0,0,3.05176e-06,7.93457e-05,0.00175171,0.00397339,0.00358887,0.000332642,0,0,0,4.88281e-05,0.00158691,0.0125854,0.00725098,0.00517273,0.0012146,0,0,0,1.52588e-05,0.000854492,0.00198059,0.000296021,0.00230103,4.27246e-05,0,0,0,0,0,0,0,0,0.0176239,0.00333557,3.05176e-06,0,0,0,0,0,0.000250244,0.00475159,0.00137634,0,0,0,0,0,9.15527e-05,0.000485229,0.00250854,0.000265503,0,0,0,0,0.000280762,0.000170898,0.00090332,0.00153198,0.000177002,0,0,0,0.000115967,4.88281e-05,0.000299072,0.00138245,0.00185547,0.00017395,0,0,3.35693e-05,4.27246e-05,5.49316e-05,0.000683594,0.00232544,0.00376282,0.000268555,0,3.05176e-06,1.83105e-05,1.83105e-05,0.000158691,0.00271301,0.00339966,0.00621948,0.00131836,3.05176e-06,0,0,6.10352e-06,0.000100708,0.000430298,0.000180054,0.00402527,0.000683594,0.000463867,6.10352e-06,0,0,0,0,0,6.10352e-06,0.00062561,0.000378418,3.05176e-06,0,0,0,0,0,3.96729e-05,0.000799561,0.000244141,3.05176e-06,0,0,0,6.10352e-06,0.000125122,0.000515747,0.00116272,0.000134277,0,0,0,1.2207e-05,6.10352e-06,7.32422e-05,0.00119324,0.000985718,2.74658e-05,0,0,0,2.44141e-05,1.2207e-05,0.000204468,0.00213013,0.00183411,0.00010376,0,1.2207e-05,8.23975e-05,1.83105e-05,3.96729e-05,0.000683594,0.00403442,0.00561829,0.000201416,9.15527e-06,0.000302124,0.000341797,0.00022583,0.000305176,0.00123291,0.00611877,0.114517,0.461615,0.185165,0.128101,0.0873169,0.055014,0.0330261,0.0196411,0.0116058,0.00690613,0.0043457,0.00269775,0.00165405,0.00119324,0.000863647,0.000595093,0.000259399
pic.0893.jpg,0.0929352,0.00610657,7.01904e-05,0,0,0,0,0,0.0246124,0.0100159,0.000231934,1.2207e-05,0,0,0,0,0.000619507,5.49316e-05,3.35693e-05,1.83105e-05,1.2207e-05,0,0,0,0,0,0,0,0,3.05176e-06,0,0,0,0,0,0,0,0,0,0,0,0,0,0,0,0,0,0,0,0,0,0,0,0,0,0,0,0,0,0,0,0,0,0,0.00439758,0.000369263,0,0,0,0,0,0,0.0209167,0.0513947,0.00208435,3.96729e-05,0,0,0,0,0.011972,0.0617065,0.00288391,0.000817871,1.52588e-05,0,0,0,2.74658e-05,0.00456543,0.000183105,3.05176e-05,6.10352e-05,4.57764e-05,6.10352e-06,0,0,0,0,0,6.10352e-06,6.10352e-06,2.13623e-05,3.05176e-06,0,0,0,0,0,3.05176e-06,6.10352e-06,0,0,0,0,0,0,0,0,0,0,0,0,0,0,0,0,0,1.2207e-05,0,0,0,0,0,0,0,0.000216675,0.0055603,0.000115967,0,0,0,0,0,2.74658e-05,0.0390533,0.0358093,0.00153198,1.83105e-05,0,0,0,1.52588e-05,0.0309998,0.0940277,0.00231934,0.000454712,4.27246e-05,0,0,0,0.000131226,0.00826111,0.000259399,6.71387e-05,0.000134277,5.79834e-05,0,0,0,0,0,0,1.2207e-05,5.79834e-05,6.40869e-05,0,0,0,0,0,0,9.15527e-06,9.15527e-06,0,0,0,0,0,0,0,0,0,0,0,0,0,0,0,0,3.05176e-06,2.13623e-05,3.05176e-06,0,0,0,0,0,0,0.000369263,0.00815125,9.46045e-05,0,0,0,0,0,4.88281e-05,0.0459045,0.0382568,0.00136108,3.05176e-05,0,0,0,2.13623e-05,0.0290833,0.0642578,0.00232239,0.000421143,6.10352e-05,0,0,0,6.40869e-05,0.00270691,0.000128174,9.15527e-05,0.000177002,5.79834e-05,0,0,0,0,0,0,3.05176e-05,0.000100708,0,0,0,0,0,0,0,2.44141e-05,0,0,0,0,0,0,0,0,0,3.05176e-06,0,0,0,0,0,0,0,9.15527e-06,3.96729e-05,0,0,0,0,0,0,0,0.000665283,0.0110229,0.000115967,0,0,0,0,0,9.15527e-05,0.0402252,0.0349121,0.00135803,1.2207e-05,0,0,0,1.2207e-05,0.00992737,0.025174,0.00230103,0.000354004,2.74658e-05,0,0,0,3.05176e-06,0.000442505,2.13623e-05,0.000115967,0.000180054,0,0,0,0,0,0,0,0.000140381,0,0,0,0,0,0,0,0,0,0,0,0,0,0,0,0,0,0,0,0,0,0,0,0,0,0,2.13623e-05,3.66211e-05,0,0,0,0,0,0,9.15527e-06,0.000769043,0.0124084,5.79834e-05,0,0,0,0,0,4.27246e-05,0.0263794,0.0263733,0.00145874,9.15527e-06,0,0,0,0,0.00191345,0.007547,0.00223694,0.000350952,0,0,0,0,0,3.05176e-05,9.15527e-06,0.000411987,0,0,0,0,0,0,0,0,0,0,0,0,0,0,0,0,0,0,0,0,0,0,0,0,0,0,0,0,0,0,0,0,0,0,0,4.88281e-05,4.57764e-05,0,0,0,0,0,0,2.74658e-05,0.000787354,0.00995178,7.32422e-05,0,0,0,0,0,2.74658e-05,0.0133423,0.0165924,0.00151978,0,0,0,0,0,0.000250244,0.00198364,0.00314026,0,0,0,0,0,0,0,0,0,0,0,0,0,0,0,0,0,0,0,0,0,0,0,0,0,0,0,0,0,0,0,0,0,0,0,0,0,0,0,0,0,0,0,0,2.74658e-05,3.66211e-05,0,0,0,0,0,0,9.15527e-06,0.00055542,0.00376587,3.96729e-05,0,0,0,0,0,6.10352e-06,0.00445862,0.0267395,0.160706,0.189432,0.179276,0.147192,0.110266,0.0791199,0.0515686,0.0336487,0.0209686,0.0124146,0.00741577,0.00428772,0.00210876,0.00106201,0.000421143,0.000112915
pic.1018.jpg,0.221454,0.0507294,9.15527e-05,0,0,0,0,0,0.000668335,0.0478333,0.013385,3.05176e-06,0,0,0,0,0,0,3.05176e-06,0,0,0,0,0,0,0,0,0,0,0,0,0,0,0,0,0,0,0,0,0,0,0,0,0,0,0,0,0,0,0,0,0,0,0,0,0,0,0,0,0,0,0,0,0,0.0188599,0.00222168,3.05176e-06,0,0,0,0,0,0.00562134,0.0362091,0.0436829,0.00169373,0,0,0,0,3.05176e-06,0.000201416,0.00231628,0.00667725,0,0,0,0,0,0,0,0,6.10352e-06,0,0,0,0,0,0,0,0,0,0,0,0,0,0,0,0,0,0,0,0,0,0,0,0,0,0,0,0,0,0,0,0,0,0,0,0.00299072,2.74658e-05,0,0,0,0,0,0,9.76563e-05,0.0028595,0.0003479,0,0,0,0,0,6.10352e-06,0.00307922,0.0160034,0.00271301,0.000125122,0,0,0,0,9.15527e-06,0.000183105,0.000817871,0.000198364,0,0,0,0,0,0,3.05176e-06,0,3.05176e-06,0,0,0,0,0,0,0,0,0,0,0,0,0,0,0,0,0,0,0,0,0,0,0,0,0,0,0.0044342,2.74658e-05,0,0,0,0,0,0,3.66211e-05,0.000125122,1.2207e-05,0,0,0,0,0,0,0.000131226,0.00304565,0.000259399,3.05176e-06,0,0,0,0,2.74658e-05,0.00491638,0.0143799,0.00143433,0,0,0,0,0,7.93457e-05,0.000222778,0.000906372,3.66211e-05,0,0,0,0,0,0,3.05176e-06,0,0,0,0,0,0,0,0,0,0,0,0,0,0,0,0,0,0,0,0.00368652,7.32422e-05,0,0,0,0,0,0,3.05176e-05,0.000146484,9.15527e-06,0,0,0,0,0,3.05176e-06,6.10352e-05,8.54492e-05,1.83105e-05,0,0,0,0,0,0,0.000109863,0.00552673,0.000189209,0,0,0,0,0,0.000149536,0.00761719,0.0154877,0.00220032,0,0,0,0,9.15527e-06,0.000219727,0.000448608,0.00217285,3.05176e-06,0,0,0,0,0,0,0,0,0,0,0,0,0,0,0,0,0,0.00367432,0.000341797,3.05176e-06,0,0,0,0,0,5.18799e-05,0.000411987,3.96729e-05,0,0,0,0,0,3.05176e-06,5.18799e-05,0.00015564,1.2207e-05,0,0,0,0,3.05176e-06,3.05176e-06,7.62939e-05,0.000149536,1.2207e-05,0,0,0,0,0,3.05176e-06,0.000146484,0.00455017,0.000250244,0,0,0,0,6.10352e-06,0.000268555,0.0094574,0.0442444,0.00575256,0,0,0,0,9.15527e-06,0.000350952,0.00132751,0.00786743,0,0,0,0,0,0,0,0,0,0.00464783,0.000997925,9.15527e-06,0,0,0,0,0,4.57764e-05,0.00100098,0.000183105,0,0,0,0,0,0,6.40869e-05,0.000424194,2.74658e-05,0,0,0,0,0,3.05176e-06,0.000109863,0.00017395,3.05176e-06,0,0,0,0,3.05176e-06,1.52588e-05,0.000125122,8.8501e-05,1.2207e-05,0,0,0,0,0,1.83105e-05,0.000250244,0.00826721,0.000274658,0,0,0,0,3.05176e-06,0.000146484,0.00873108,0.144745,0.0141205,0,0,0,0,0,0.000119019,0.00480652,0.016394,0.000280762,0.000262451,0,0,0,0,0,0,0,0.000231934,0.000125122,3.05176e-06,0,0,0,0,0,1.52588e-05,0.000234985,7.62939e-05,3.05176e-06,0,0,0,0,0,0.00010376,0.000311279,3.05176e-05,0,0,0,0,0,1.83105e-05,0.000238037,0.000198364,9.15527e-06,0,0,0,0,6.10352e-06,3.35693e-05,0.000228882,0.000143433,6.10352e-06,0,0,0,0,0,6.71387e-05,0.000302124,0.00578613,0.000390625,0,0,0,0,3.05176e-06,0.000106812,0.0187866,0.137506,0.647903,0.186932,0.0681732,0.0296204,0.0171356,0.0114075,0.00826111,0.00645752,0.0053894,0.00461426,0.00404053,0.00337219,0.00258789,0.00193176,0.00153198,0.000640869
pic.0517.jpg,0.0567627,7.93457e-05,0,0,0,0,0,0,0.0574402,0.254605,8.54492e-05,0,0,0,0,0,0,0.0236938,0.00510559,0,0,0,0,0,0,0,0,0,0,0,0,0,0,0,0,0,0,0,0,0,0,0,0,0,0,0,0,0,0,0,0,0,0,0,0,0,0,0,0,0,0,0,0,0,0.00559692,1.52588e-05,0,0,0,0,0,0,0.00821228,0.0571808,9.15527e-06,0,0,0,0,0,0,0.137015,0.114603,0,0,0,0,0,0,0,0.0264526,0.00122681,0,0,0,0,0,0,0,0,0,0,0,0,0,0,0,0,0,0,0,0,0,0,0,0,0,0,0,0,0,0,0,0,0,0,0,0,0,0,0,0,0,0,0,0,0.0014679,0.00464783,6.10352e-06,0,0,0,0,0,0.000170898,0.0045929,0.00211182,3.05176e-06,0,0,0,0,0,1.83105e-05,0.000668335,0.000939941,0,0,0,0,0,0,0,0,0,0,0,0,0,0,0,0,0,0,0,0,0,0,0,0,0,0,0,0,0,0,0,0,0,0,0,0,0,0,0,0,0,0,0,0,1.2207e-05,3.05176e-05,0,0,0,0,0,0,9.76563e-05,0.00402222,0.00147705,6.10352e-06,0,0,0,0,6.10352e-06,0.000784302,0.00404053,0.00217896,0,0,0,0,0,0,0,0.000402832,3.05176e-06,0,0,0,0,0,0,0,0,0,0,0,0,0,0,0,0,0,0,0,0,0,0,0,0,0,0,0,0,0,0,0,0,0,0,0,0,0,0,0,0,0,0,0,0,0.000234985,4.57764e-05,0,0,0,0,0,6.10352e-06,0.00108948,0.00430603,0.000900269,0,0,0,0,0,5.79834e-05,0.00159302,0.00514221,0.00617981,0.00055542,0,0,0,0,0,0,0.000906372,0.0017395,0,0,0,0,0,0,0,0,0,0,0,0,0,0,0,0,0,0,0,0,0,0,0,0,0,0,0,0,0,0,0,0,0,0,0,0,0,0,0,0,0,0,0,6.10352e-06,6.71387e-05,3.05176e-06,0,0,0,0,0,4.27246e-05,0.00334167,0.00288696,0.000320435,1.83105e-05,0,0,0,0,0.000198364,0.00179443,0.00211487,0.0311523,0,0,0,0,0,0,0,3.05176e-06,0,0,0,0,0,0,0,0,0,0,0,0,0,0,0,0,0,0,0,0,0,0,0,0,0,0,0,0,0,0,0,0,0,0,0,0,0,0,0,0,0,0,0,0,3.66211e-05,7.62939e-05,0,0,0,0,0,0,0.000158691,0.00580444,0.00137024,0.000189209,3.05176e-06,0,0,0,3.05176e-06,0.00718994,0.0028717,0.000735474,0.000262451,3.05176e-06,0,0,0,0,0,0,3.05176e-06,0,0,0,0,0,0,0,0,0,0,0,0,0,0,0,0,0,0,0,0,0,0,0,0,0,0,0,0,0,0,0,0,0,0,0,0,0,0,0,0,0,0,0,0,7.01904e-05,6.10352e-06,0,0,0,0,0,0,0.0143158,0.0817963,0.0194672,0.000167847,9.15527e-06,0,0,0,0,0.000411987,0.0233582,0.000912476,0.000299072,0.897055,0.0491455,0.0184113,0.0119629,0.0078949,0.00544739,0.00403137,0.00262756,0.00120544,0.000854492,0.000549316,0.000350952,0.000247192,0.000112915,6.10352e-05,4.27246e-05
pic.0067.jpg,0.0216614,6.71387e-05,0,0,0,0,0,0,0.0105774,0.00010376,0,0,0,0,0,0,1.83105e-05,0,0,0,0,0,0,0,0,0,0,0,0,0,0,0,0,0,0,0,0,0,0,0,0,0,0,0,0,0,0,0,0,0,0,0,0,0,0,0,0,0,0,0,0,0,0,0,0.0114838,0.000305176,0,0,0,0,0,0,0.0456573,0.0243256,0.000610352,0,0,0,0,0,0.0280487,0.0207153,0.000439453,3.05176e-06,0,0,0,0,0.00136108,0.000991821,1.2207e-05,0,0,0,0,0,0,0,0,0,0,0,0,0,0,0,0,0,0,0,0,0,0,0,0,0,0,0,0,0,0,0,0,0,0,0,0,0,0.000997925,3.05176e-05,0,0,0,0,0,0,0.00339966,0.0116699,0.000546265,0,0,0,0,0,0.00530396,0.0354767,0.0133789,0.000213623,0,0,0,0,0.00770569,0.0311646,0.0124603,0.00110474,3.66211e-05,0,0,0,0.00113525,0.0081665,0.000714111,0.000106812,7.93457e-05,0,0,0,0,2.74658e-05,0,0,0,0,0,0,0,0,0,0,0,0,0,0,0,0,0,0,0,0,0,0,6.10352e-06,0,0,0,0,0,0,0,0.00151978,0.00399475,3.05176e-06,0,0,0,0,0,4.88281e-05,0.00494385,0.00890198,0.000244141,0,0,0,0,0.00172119,0.0125366,0.0296906,0.0133331,0.000411987,0,0,0,0.00119324,0.0194061,0.0178955,0.0113342,0.00209961,0.000128174,0,0,7.62939e-05,0.00178833,0.00110474,0.000186157,0.000271606,4.57764e-05,0,0,0,0,0,0,0,0,0,0,0,0,0,0,0,0,0,0,0,0,0,0,0,0,0,0,3.05176e-06,0.000579834,0,0,0,0,0,0,3.05176e-06,0.000180054,0.000311279,3.05176e-06,0,0,0,0,0,7.93457e-05,0.00499268,0.00612183,0.000268555,0,0,0,0,0.00265808,0.00726318,0.0275726,0.0157806,0.000695801,0,0,3.05176e-06,0.00131531,0.00413818,0.00823059,0.0111603,0.00216064,2.74658e-05,0,0,0,2.13623e-05,0.000146484,2.74658e-05,6.71387e-05,1.2207e-05,0,0,0,0,0,0,0,0,0,0,0,0,0,0,0,0,0,0,0,0,0,0,0,0,0,0,0,6.10352e-06,0,0,0,0,0,0,6.10352e-06,0.000100708,0.000134277,0,0,0,0,0,0,0.000238037,0.00665283,0.00874939,0.000253296,0,0,0,3.05176e-06,0.000900269,0.00436707,0.0459473,0.123965,0.00232849,0,0,0,4.27246e-05,0.000717163,0.00275879,0.00895691,0.00357971,9.15527e-06,0,0,0,0,0,0,6.10352e-06,3.05176e-06,0,0,0,0,0,0,0,0,0,0,0,0,0,0,0,0,0,0,0,0,0,0,0,0,0,0,0,0,0,0,0,0,0,3.05176e-06,1.2207e-05,2.13623e-05,3.05176e-05,3.05176e-06,0,0,0,0,0,0.000201416,0.0109741,0.0241974,0.000512695,0,0,0,0,7.32422e-05,0.00110168,0.0219086,0.0511902,0.010849,0,0,0,0,3.05176e-05,0.000494385,0.00269165,0.00748596,0,0,0,0,0,0,0,0,0,0,0,0,0,0,0,0,0,0,0,0,0,0,0,0,0,0,0,0,0,0,0,0,0,0,0,0,0,0,0,0,0,0,0,0,0,0,0,0,0,0,0,0,6.10352e-06,0.000213623,0.00541687,0.000634766,0,0,0,0,0,7.32422e-05,0.00525513,0.120084,0.546936,0.146683,0.0871765,0.0623688,0.0455017,0.033905,0.0253143,0.0179749,0.0128906,0.00874634,0.00599976,0.00328369,0.001828,0.000857544,0.0003479,0.000186157
pic.0001.jpg,0.102002,0.00561523,0.000125122,0,0,0,0,0,0.000280762,0.00395508,0.00115662,0.000427246,0,0,0,0,0,0,6.10352e-06,3.05176e-06,0,0,0,0,0,0,0,0,0,0,0,0,0,0,0,0,0,0,0,0,0,0,0,0,0,0,0,0,0,0,0,0,0,0,0,0,0,0,0,0,0,0,0,0,0.0173706,0.000805664,0,0,0,0,0,0,0.0105194,0.0572083,0.00297241,0.00083313,0,0,0,0,0,0.000585937,0.00377197,0.00135193,0.00072937,6.40869e-05,0,0,0,4.27246e-05,3.05176e-05,6.40869e-05,8.54492e-05,3.05176e-05,0,0,0,0,0,0,0,0,0,0,0,0,0,0,0,0,0,0,0,0,0,0,0,0,0,0,0,0,0,0,0,0,0,0,0.00102844,7.01904e-05,0,0,0,0,0,0,0.00187683,0.0248688,0.000595093,0,0,0,0,0,3.05176e-06,0.0188934,0.057724,0.00345764,9.76563e-05,0,0,0,0,1.52588e-05,0.00187683,0.00423279,0.00205383,0.000183105,3.05176e-06,0,0,0,0,0,8.54492e-05,0.000784302,1.2207e-05,0,0,0,0,0,0,0,0,0,0,0,0,0,0,0,0,0,0,0,0,0,0,0,0,0,8.23975e-05,5.18799e-05,0,0,0,0,0,0,9.15527e-05,0.000802612,4.27246e-05,0,0,0,0,0,0,0.00251465,0.0211395,0.000747681,3.05176e-06,0,0,0,0,4.57764e-05,0.0250305,0.0766266,0.0036377,1.52588e-05,0,0,0,0,0.000125122,0.00415649,0.00496216,0.00133362,0.000158691,0,0,0,0,0,0,0.000131226,0.00098877,0,0,0,0,0,0,0,0,0,0,0,0,0,0,0,0,0,3.96729e-05,2.13623e-05,0,0,0,0,0,0,0,2.13623e-05,0,0,0,0,0,0,0,0.000115967,0.00345764,1.52588e-05,0,0,0,0,6.10352e-06,3.96729e-05,0.0130737,0.0178101,0.000509644,3.05176e-06,0,0,0,3.05176e-06,0.000128174,0.0190002,0.0679321,0.00374756,9.15527e-06,0,0,0,0,1.52588e-05,0.00199585,0.00675964,0.00213928,2.74658e-05,0,0,0,0,0,0,0.000201416,0.00010376,0,0,0,0,0,0,0,0,0,0,0,0,0,0,0,0,0,0,0,0,0,0,0,0,0,3.05176e-06,9.15527e-06,0,0,0,0,0,0,1.2207e-05,0.000125122,0.00017395,9.15527e-06,0,0,0,0,3.05176e-06,8.8501e-05,0.00150452,0.0087677,0.000466919,0,0,0,0,0,6.40869e-05,0.01073,0.0802734,0.00905762,6.10352e-06,0,0,0,0,0,0.00252686,0.0137451,0.00204163,0,0,0,0,0,0,0,0.000787354,0,0,0,0,0,0,0,0,0,0,0,0,0,0,0,0,0,0,0,0,0,0,0,0,0,0,0,0,0,0,0,0,0,6.10352e-06,4.57764e-05,4.27246e-05,4.88281e-05,0,0,0,0,0,6.10352e-06,2.13623e-05,0.000421143,0.00953369,0.000942993,0,0,0,0,0,3.96729e-05,0.00785217,0.0999939,0.00762329,0,0,0,0,0,0,0.00105591,0.00417175,0,0,0,0,0,0,0,0,0,0,0,0,0,0,0,0,0,0,0,0,0,0,0,0,0,0,0,0,0,0,0,0,0,0,0,6.10352e-06,0,0,0,0,0,0,0,0,0,0,0,0,0,0,0,0,3.05176e-06,0.000128174,0.00717773,0.000396729,0,0,0,0,0,0,0.00593872,0.116385,0.704819,0.113739,0.053894,0.0346741,0.0246094,0.0189728,0.0136261,0.0107788,0.0079071,0.00570068,0.0042572,0.00285339,0.00210571,0.00133972,0.000558472,0.000164795
pic.0983.jpg,0.022995,0.00268555,0,0,0,0,0,0,0.00164185,0.002771,6.10352e-06,0,0,0,0,0,1.2207e-05,3.05176e-05,0,0,0,0,0,0,0,0,0,0,0,0,0,0,0,0,0,0,0,0,0,0,0,0,0,0,0,0,0,0,0,0,0,0,0,0,0,0,0,0,0,0,0,0,0,0,0.000805664,0.000814819,0,0,0,0,0,0,0.00185242,0.0453674,0.00933533,6.10352e-06,0,0,0,0,6.71387e-05,0.00374146,0.00835266,2.74658e-05,0,0,0,0,0,0.00010376,0.000146484,1.52588e-05,0,0,0,0,0,0,3.05176e-06,0,0,0,0,0,0,0,0,0,0,0,0,0,0,0,0,0,0,0,0,0,0,0,0,0,0,0,0,0,2.44141e-05,7.01904e-05,0,0,0,0,0,0,5.79834e-05,0.00151978,0.00158691,0,0,0,0,0,1.2207e-05,0.00386963,0.100882,0.0255585,1.52588e-05,0,0,0,3.05176e-06,0.000167847,0.00767212,0.022229,4.57764e-05,0,0,0,0,1.2207e-05,0.000646973,0.000674438,2.13623e-05,0,0,0,0,0,9.15527e-06,6.10352e-06,0,0,0,0,0,0,0,0,0,0,0,0,0,0,0,0,0,0,0,0,0,3.96729e-05,0,0,0,0,0,0,6.10352e-06,9.46045e-05,0.000115967,0,0,0,0,0,2.13623e-05,0.000238037,0.00285034,0.00205994,6.10352e-06,0,0,0,0,7.93457e-05,0.00802612,0.165839,0.0317841,9.15527e-06,0,0,0,3.05176e-06,0.000680542,0.0145752,0.0278625,0.000112915,0,0,0,0,0.000106812,0.00203552,0.00190735,1.52588e-05,0,0,0,0,0,3.05176e-06,3.05176e-05,3.05176e-06,0,0,0,0,0,0,0,0,0,0,0,1.2207e-05,0,0,0,0,0,0,0,2.44141e-05,0.000143433,3.05176e-06,0,0,0,0,0,0,0.000180054,7.32422e-05,3.05176e-06,0,0,0,0,2.74658e-05,0.000927734,0.00366516,0.00137329,1.52588e-05,0,0,0,6.10352e-06,0.000262451,0.0145325,0.144696,0.0148376,1.2207e-05,0,0,0,9.15527e-06,0.00102844,0.0158997,0.023587,0.000183105,6.10352e-06,0,0,0,2.44141e-05,0.000524902,0.000570679,3.05176e-06,3.05176e-06,0,0,0,0,0,3.05176e-06,0,0,0,0,0,0,0,0,0,0,0,0,0.000125122,0,0,0,0,0,0,0,6.71387e-05,0.000131226,1.2207e-05,0,0,0,0,1.83105e-05,4.27246e-05,0.000241089,9.76563e-05,6.10352e-06,0,0,0,1.52588e-05,0.000189209,0.000653076,0.00285339,0.000735474,6.10352e-06,0,0,0,9.15527e-06,0.00015564,0.00970459,0.0859802,0.00527954,0,0,0,0,3.05176e-06,0.000479126,0.0090271,0.00699768,9.15527e-06,0,0,0,0,9.15527e-06,9.76563e-05,7.01904e-05,1.52588e-05,0,0,0,0,0,0,0,0,0,0,0.000158691,3.96729e-05,0,0,0,0,0,0,0.000106812,0.00148315,0.000131226,0,0,0,0,0,9.15527e-06,0.000372314,0.000701904,1.83105e-05,0,0,0,9.15527e-06,0.000195313,7.93457e-05,0.000408936,0.000115967,1.2207e-05,0,0,0,0.000119019,0.000213623,0.000521851,0.00193481,0.000415039,0,0,0,3.05176e-06,2.44141e-05,0.000234985,0.00533142,0.0328125,0.00136108,0,0,0,0,3.05176e-06,0.000332642,0.0035553,0.00172729,0,0,0,0,0,0,0,0,0,0,6.10352e-06,1.2207e-05,0,0,0,0,0,0,0,0.000927734,0.000112915,0,0,0,0,0,0,0.000445557,0.00255737,0.000588989,0,0,0,0,3.05176e-06,9.15527e-06,0.00201416,0.00591736,0.000106812,0,0,0,2.44141e-05,3.96729e-05,6.71387e-05,0.000869751,0.000140381,0,0,0,1.52588e-05,2.13623e-05,0.000115967,0.000222778,0.00149536,0.000271606,0,0,0,8.54492e-05,0.000149536,0.000338745,0.00422058,0.0567474,0.2285,0.265329,0.181845,0.117081,0.0759491,0.0502289,0.0325958,0.0201202,0.0121704,0.00737915,0.00435181,0.00236206,0.00114441,0.000585937,0.000289917,6.71387e-05
pic.0002.jpg,0.125522,0.0142273,0.000714111,0,0,0,0,0,0.000201416,0.00576782,0.0185974,0.00157166,0,0,0,0,0.000216675,3.05176e-06,3.05176e-06,1.2207e-05,3.05176e-06,0,0,0,6.10352e-06,0,0,0,0,0,0,0,0,0,0,0,0,0,0,0,0,0,0,0,0,0,0,0,0,0,0,0,0,0,0,0,0,0,0,0,0,0,0,0,0.0383514,0.00125427,3.05176e-06,0,0,0,0,0,0.0149597,0.0332458,0.00635071,0.00507813,1.2207e-05,0,0,0,0.00119629,0.00154724,0.000857544,0.0015625,0.0016449,0.000131226,0,0,9.15527e-06,4.88281e-05,0,7.32422e-05,2.44141e-05,0.000131226,0,0,0,0,0,0,0,0,0,0,0,0,0,0,0,0,0,0,0,0,0,0,0,0,0,0,0,0,0,0,0,0,0,0,0.00961914,7.93457e-05,0,0,0,0,0,0,0.00583191,0.0182404,0.00022583,0,0,0,0,0,9.15527e-06,0.00777893,0.0132721,0.00102539,7.32422e-05,3.05176e-06,0,0,0,7.93457e-05,0.000686646,0.000830078,0.000375366,0.000183105,0,0,0,0,0,0,0.000701904,6.10352e-06,0,0,0,0,0,0,0,0,0,0,0,0,0,0,0,0,0,0,0,0,0,0,0,0,0,0,0.00530396,0.000158691,0,0,0,0,0,0,4.27246e-05,0.00317383,0.000140381,0,0,0,0,0,3.05176e-06,0.00443726,0.00604553,0.000189209,0,0,0,0,0,6.10352e-06,0.00681152,0.0328491,0.000881958,2.44141e-05,0,0,0,0,6.10352e-06,0.00226135,0.00497131,0.000146484,0,0,0,0,0,0,0,0,0,0,0,0,0,0,0,0,0,0,0,0,0,0,0,0,0,0,0.000653076,0.00045166,0,0,0,0,0,0,0.000241089,0.000360107,2.74658e-05,0,0,0,0,0,6.10352e-06,0.0020752,0.00195923,3.35693e-05,0,0,0,0,0,1.52588e-05,0.00344543,0.00577698,0.000143433,0,0,0,0,0,0.000146484,0.0192047,0.121179,0.00110168,0,0,0,0,0,2.44141e-05,0.00126343,0.00598145,0.000912476,0,0,0,0,0,0,0,0,0,0,0,0,0,0,0,0,0,0,0,0,0,0,0,0,0,0.00118713,0.000100708,0,0,0,0,0,0,0.000140381,0.000476074,8.8501e-05,6.10352e-06,0,0,0,0,0,3.05176e-06,0.00170898,0.000643921,0,0,0,0,0,0,1.52588e-05,0.000869751,0.00745544,6.40869e-05,0,0,0,0,0,0,0.0229523,0.0855743,0.0416992,0,0,0,0,0,0,0.0013855,0.0554352,0,0,0,0,0,0,0,0,0,0,0,0,0,0,0,0,0,0.000137329,0,0,0,0,0,0,0,5.49316e-05,1.2207e-05,0,0,0,0,0,0,0,0,0,0,0,0,0,0,0,0,0,0.000109863,8.54492e-05,0,0,0,0,0,0,0,0.000311279,0.0159943,0.000308228,0,0,0,0,0,0,0.0266266,0.170288,1.2207e-05,0,0,0,0,0,0,9.15527e-05,6.10352e-06,0,0,0,0,0,0,0,0,0,0,0,0,0,0,0,0,0,0,0,0,0,0,0,0,0,0,0,0,0,0,0,0,0,0,0,0,0,0,0,0,0,0,0,0,0,0,0,0,0,0,0,0,0,3.05176e-06,0.000314331,6.10352e-06,0,0,0,0,0,0,0.000457764,0.000570679,0.85011,0.063266,0.0285492,0.016803,0.0113251,0.00821838,0.0068512,0.00558167,0.00406799,0.00222473,0.00126038,0.000817871,0.000515747,0.000204468,0.000149536,5.49316e-05
pic.0638.jpg,0.0221527,0.0105988,0,0,0,0,0,0,3.05176e-06,0.0101257,0.0116547,0.000592041,0,0,0,0,0,0,0,0,0,0,0,0,0,0,0,0,0,0,0,0,0,0,0,0,0,0,0,0,0,0,0,0,0,0,0,0,0,0,0,0,0,0,0,0,0,0,0,0,0,0,0,0,0.050592,0.00531006,0,0,0,0,0,0,0.00267029,0.032309,0.0353088,0.00177307,0,0,0,0,0,6.10352e-06,0.00266418,0.00185852,1.83105e-05,0,0,0,0,0,0,0.000283813,5.49316e-05,0,0,0,0,0,0,0,0,0,0,0,0,0,0,0,0,0,0,0,0,0,0,0,0,0,0,0,0,0,0,0,0,0,0,0,0.0357239,0.00775452,0,0,0,0,0,0,0.000177002,0.0242279,0.00170898,0,0,0,0,0,0,0.0071106,0.0104218,0.00377808,0,0,0,0,0,0,7.01904e-05,0.00169983,0.00122375,3.05176e-06,0,0,0,0,0,0,0.000909424,0.00102539,0,0,0,0,0,0,0,0,0,0,0,0,0,0,0,0,0,0,0,0,0,0,0,0,0,0,0.0170349,0.0870178,0,0,0,0,0,0,1.52588e-05,0.0722687,0.00730286,9.15527e-06,0,0,0,0,0,0.00630188,0.0190094,0.00165405,2.44141e-05,0,0,0,0,3.05176e-05,0.00304871,0.00687866,0.000164795,0,0,0,0,3.96729e-05,6.10352e-06,0.000112915,0.000469971,0.00155945,0,0,0,0,0,0,0,0.000265503,0,0,0,0,0,0,0,0,0,0,0,0,0,0,0,0,0,0,0,3.05176e-06,0,0,0,0,0,0,0,0.00761108,0.0059021,6.10352e-06,0,0,0,0,0,0.00345459,0.00802612,0.00402832,1.83105e-05,0,0,0,0,0.00471191,0.0457306,0.0203827,0.0025238,4.88281e-05,0,0,0,0.000393677,0.000424194,0.0248871,0.00853882,0.000732422,9.15527e-06,0,0,0.00010376,3.05176e-06,2.13623e-05,0.000195313,0.000747681,6.10352e-06,0,0,0,0,0,0,0,0,0,0,0,0,0,0,0,0,0,0,0,0,0,0,0,0,0,0,3.05176e-06,9.15527e-06,0,0,0,0,0,0,0,6.40869e-05,0.00015564,3.05176e-06,0,0,0,0,0,0.00740051,0.000769043,0.00135498,1.83105e-05,0,0,0,0,0.00649109,0.0296997,0.0161316,0.0026123,3.35693e-05,0,0,0.000180054,0.00017395,0.000762939,0.0159851,0.0549408,0.00320129,0,0,0,0.00022583,1.52588e-05,0.000335693,0.015567,0.022699,2.74658e-05,0,0,0,0,9.15527e-06,0,0,0,0,0,0,0,0,0,0,0,0,0,0,0,0,0,0,0,0,0,0,0,0,0,0,0,0,0,0,6.10352e-06,6.10352e-06,0,0,0,0,0,1.83105e-05,0.0131866,0.000418091,9.76563e-05,0,0,0,0,0,0.00283813,0.00182495,0.00396118,0.000744629,0,0,0,9.76563e-05,0.000308228,6.10352e-05,0.0113678,0.125989,0.00287781,0,0,0,0.000231934,0.00122681,0.00085144,0.00020752,0.0020752,0,0,0,0,0,0,0,0,0,0,0,0,0,0,0,0,0,0,0,0,0,0,0,0,0,0,0,0,0,0,0,0,0,0,0,0,0,0,0,0,0,0,0,0,0,1.2207e-05,0,0,0,0,0,0,0,6.10352e-06,0.00183716,0.000933838,0,0,0,0,0.000201416,0.00189819,0.000125122,0.00218506,0.855603,0.0709259,0.0317047,0.0172913,0.00957336,0.00519104,0.00368958,0.0024292,0.00167236,0.000921631,0.00055542,0.000262451,0.000128174,3.05176e-05,1.52588e-05,6.10352e-06
pic.0984.jpg,0.00599365,0.00967712,0,0,0,0,0,0,0,0.0115204,0.0042572,0,0,0,0,0,0,0,0,0,0,0,0,0,0,0,0,0,0,0,0,0,0,0,0,0,0,0,0,0,0,0,0,0,0,0,0,0,0,0,0,0,0,0,0,0,0,0,0,0,0,0,0,0,0.000650024,0.00038147,0,0,0,0,0,0,9.15527e-06,0.0160126,0.0772461,3.96729e-05,0,0,0,0,0,6.10352e-06,0.0709656,0.073288,0,0,0,0,0,0,0,0,0,0,0,0,0,0,0,0,0,0,0,0,0,0,0,0,0,0,0,0,0,0,0,0,0,0,0,0,0,0,0,0,0,0,0,0,0.00038147,6.10352e-05,0,0,0,0,0,0,0,7.93457e-05,0.000363159,0,0,0,0,0,6.10352e-06,1.2207e-05,0.0374298,0.149765,2.74658e-05,0,0,0,0,0,5.49316e-05,0.0351807,0.0128693,0,0,0,0,0,0,0,3.05176e-06,0,0,0,0,0,0,0,0,0,0,0,0,0,0,0,0,0,0,0,0,0,0,0,0,0,0,0,0.000482178,6.40869e-05,0,0,0,0,0,0,3.05176e-06,5.79834e-05,5.49316e-05,0,0,0,0,0,0,6.10352e-06,0.000192261,0.000750732,3.05176e-06,0,0,0,0,6.10352e-06,6.40869e-05,0.0578949,0.0341278,3.05176e-06,0,0,0,0,0,0.000106812,0.0120453,0.000643921,0,0,0,0,0,0,0,3.05176e-06,0,0,0,0,0,0,0,0,0,0,0,0,0,0,0,0,0,0,0.00198669,0.000192261,0,0,0,0,0,0,9.15527e-06,9.76563e-05,4.27246e-05,0,0,0,0,0,0,3.05176e-06,4.88281e-05,3.96729e-05,0,0,0,0,1.2207e-05,1.83105e-05,1.2207e-05,0.000268555,0.000994873,0,0,0,0,3.05176e-06,6.10352e-06,0.000106812,0.0862152,0.0140137,0,0,0,0,0,0,0.000192261,0.00460815,7.93457e-05,0,0,0,0,0,0,0,0,0,0,0,0,0,0,0,0,0,0.00183105,0.00167236,1.83105e-05,0,0,0,0,0,1.83105e-05,0.000402832,0.000274658,0,0,0,0,0,3.05176e-06,9.15527e-06,5.18799e-05,4.27246e-05,0,0,0,0,0,1.2207e-05,1.83105e-05,7.01904e-05,3.96729e-05,0,0,0,3.05176e-06,2.13623e-05,2.74658e-05,3.66211e-05,0.000317383,0.00104675,0,0,0,3.05176e-06,3.05176e-06,3.05176e-06,0.000167847,0.091333,0.0056366,0,0,0,0,0,0,0.000213623,0.00188293,1.2207e-05,0,0,0,0,0,0,0,0,0.000976562,0.000689697,3.05176e-06,0,0,0,0,0,0,0.000180054,0.000634766,3.05176e-06,0,0,0,0,0,6.10352e-06,0.000195313,0.000418091,0,0,0,0,0,6.10352e-06,6.10352e-06,0.000164795,0.000125122,0,0,0,1.52588e-05,6.10352e-06,1.2207e-05,9.15527e-06,0.000186157,5.18799e-05,0,0,3.05176e-06,2.13623e-05,3.05176e-06,6.10352e-06,1.52588e-05,0.000256348,0.000595093,0,0,9.15527e-06,3.05176e-06,0,3.05176e-06,0.000259399,0.074939,0.00242615,0,0,0,3.05176e-06,0,0,0.00017395,0.000689697,0,6.10352e-06,3.05176e-06,0,0,0,0,0,0,0,6.10352e-06,0,0,0,0,0,0,0,1.52588e-05,2.44141e-05,0,0,0,0,0,0,3.05176e-06,6.71387e-05,0.000164795,0,0,0,0,0,6.10352e-06,0,0.000228882,0.000253296,0,0,0,6.10352e-06,1.2207e-05,3.05176e-06,1.2207e-05,0.000402832,0.000170898,0,0,3.05176e-06,3.05176e-06,0,6.10352e-06,1.83105e-05,0.000622559,0.000408936,0,0,1.2207e-05,2.74658e-05,3.35693e-05,4.88281e-05,0.000418091,0.0870026,0.230298,0.236981,0.161517,0.11745,0.0871216,0.063501,0.0431824,0.0276642,0.0157471,0.00856934,0.00429382,0.00198059,0.00100098,0.00043335,0.000201416,5.79834e-05
pic.0986.jpg,0.195361,0.0137512,0,0,0,0,0,0,0.00799866,0.0116516,4.88281e-05,0,0,0,0,0,1.2207e-05,0,0,0,0,0,0,0,0,0,0,0,0,0,0,0,0,0,0,0,0,0,0,0,0,0,0,0,0,0,0,0,0,0,0,0,0,0,0,0,0,0,0,0,0,0,0,0,0.00174561,0.00137634,0,0,0,0,0,0,0.00428772,0.0700958,0.0181366,0,0,0,0,0,0.000308228,0.0052124,0.0270325,0.00185547,0,0,0,0,3.05176e-06,5.49316e-05,9.15527e-06,0,0,0,0,0,0,0,0,0,0,0,0,0,0,0,0,0,0,0,0,0,0,0,0,0,0,0,0,0,0,0,0,0,0,0,0,0,0.000595093,0.00022583,0,0,0,0,0,0,6.71387e-05,0.000839233,0.00200806,0,0,0,0,0,0.000143433,0.00174866,0.0470032,0.0779205,0.000186157,0,0,0,9.15527e-06,0.000308228,0.00232544,0.0406952,0.00968323,0,0,0,0,3.05176e-06,0.00017395,2.13623e-05,9.15527e-06,3.05176e-06,0,0,0,0,0,0,0,0,0,0,0,0,0,0,0,0,0,0,0,0,0,0,0,0,0,0,0.0006073,0.000195313,0,0,0,0,0,0,3.66211e-05,0.0003479,0.000177002,0,0,0,0,0,1.52588e-05,3.96729e-05,0.00072937,0.00290833,0,0,0,0,3.05176e-05,0.000128174,0.00127869,0.0344269,0.080658,3.05176e-06,0,0,0,6.10352e-06,0.000302124,0.00148621,0.028418,0.00110474,0,0,0,0,1.2207e-05,0.000210571,3.05176e-05,0,0,0,0,0,0,0,3.05176e-06,0,0,0,0,0,0,0,0,0,0,0,0.00326233,0.000338745,0,0,0,0,0,0,1.2207e-05,0.000320435,6.71387e-05,0,0,0,0,0,0,1.52588e-05,0.000253296,0.000149536,0,0,0,0,1.52588e-05,1.83105e-05,5.49316e-05,0.00050354,0.00186462,0,0,0,1.83105e-05,6.40869e-05,0.00010376,0.000912476,0.0337341,0.024054,2.44141e-05,0,0,3.05176e-06,6.10352e-06,0.000357056,0.00142822,0.00515137,3.96729e-05,0,0,0,3.05176e-06,0.000100708,0.00022583,2.13623e-05,0,0,0,0,0,0,0,0,0,0,0.00293579,0.00228271,6.10352e-06,0,0,0,0,0,3.05176e-06,0.00114441,0.000622559,0,0,0,0,0,0,4.57764e-05,0.000488281,9.76563e-05,0,0,0,0,0,9.15527e-06,8.23975e-05,0.000265503,0.000128174,0,0,0,1.2207e-05,1.2207e-05,2.74658e-05,3.96729e-05,0.000482178,0.000579834,0,0,5.79834e-05,0.000268555,6.40869e-05,7.93457e-05,0.000961304,0.0114349,0.00114136,0,0,0,0,6.10352e-05,0.000466919,0.00146484,0.00119934,1.2207e-05,0,0,0,0,2.13623e-05,7.62939e-05,6.10352e-06,0,0.000790405,0.000830078,0,0,0,0,0,0,0,0.00177307,0.000991821,0,0,0,0,0,0,7.62939e-05,0.00240173,4.57764e-05,0,0,0,0,0,0,0.000393677,0.000454712,1.83105e-05,0,0,0,0,3.05176e-06,1.52588e-05,0.00032959,0.000186157,1.52588e-05,0,0,3.66211e-05,0.000256348,8.54492e-05,8.54492e-05,0.00012207,0.000378418,0.000387573,0,9.15527e-06,0.000143433,3.96729e-05,1.83105e-05,7.62939e-05,0.00120544,0.0233917,0.000735474,0,0,0,0,9.15527e-06,0.000421143,0.00231934,0.000997925,0,3.05176e-06,0,0,0,0,0,0,0,1.2207e-05,9.15527e-06,0,0,0,0,0,0,6.10352e-06,0.000595093,2.13623e-05,0,0,0,0,0,0,0.00039978,0.00128784,4.27246e-05,0,0,0,0,0,0,0.00142212,0.00102539,9.15527e-06,0,0,0,0,6.10352e-06,0.000134277,0.00402222,0.000253296,3.05176e-06,0,0,0,0,0,0.00065918,0.00536804,0.00290527,0.000561523,0,0,0,0,3.05176e-06,8.23975e-05,0.0115204,0.134833,0.612088,0.209195,0.0755157,0.0345093,0.0201935,0.0139465,0.00992126,0.00665894,0.00461731,0.00343323,0.00256958,0.00221558,0.00170593,0.00150146,0.00136108,0.000567627
pic.0164.jpg,0.0153809,0.0185669,5.49316e-05,0,0,0,0,0,0.000140381,0.00531616,0.00171204,9.15527e-06,0,0,0,0,0,0,0,0,0,0,0,0,0,0,0,0,0,0,0,0,0,0,0,0,0,0,0,0,0,0,0,0,0,0,0,0,0,0,0,0,0,0,0,0,0,0,0,0,0,0,0,0,0.00012207,0.000372314,0,0,0,0,0,0,0.00017395,0.00732727,0.00737915,0.000204468,3.05176e-06,0,0,0,0,5.18799e-05,0.00144348,0.000552368,0.00606079,0.234677,0,0,0,0,0,0,2.74658e-05,0.104584,1.83105e-05,0,0,0,0,0,0,0,0,0,0,0,0,0,0,0,0,0,0,0,0,0,0,0,0,0,0,0,0,0,0,0,0,0,0,3.05176e-06,0,0,0,0,0,0,0,0.000134277,0.000170898,3.05176e-06,0,0,0,0,0,0.000100708,0.00473938,0.00414124,0.000405884,0.000100708,0,0,0,0,3.05176e-05,0.00212708,0.00339661,0.256479,0.169714,0,0,0,0,0,3.05176e-06,0.00103149,0.0182587,0,0,0,0,0,0,0,0,0,0,0,0,0,0,0,0,0,0,0,0,0,0,0,0,0,0,0,0,0,0,0,0,0,0,0,6.10352e-06,0,0,0,0,0,0,0,0.000274658,0.000369263,0,0,0,0,0,0,0.000201416,0.0176483,0.0085968,0.00101624,5.49316e-05,0,0,0,0,3.66211e-05,0.00221252,0.00187988,0.00605469,0,0,0,0,0,0,3.05176e-06,4.57764e-05,6.10352e-06,0,0,0,0,0,0,0,0,0,0,0,0,0,0,0,0,0,0,0,0,0,0,0,0,0,0,0,0,0,0,0,0,0,0,0,6.10352e-06,0,0,0,0,0,0,0,0.00039978,0.000326538,3.05176e-06,0,0,0,0,0,0.000308228,0.0118591,0.0013855,0.000119019,0,0,0,0,0,2.74658e-05,0.000680542,0.000662231,4.27246e-05,0,0,0,0,0,0,3.05176e-06,0,0,0,0,0,0,0,0,0,0,0,0,0,0,0,0,0,0,0,0,0,0,0,0,0,0,0,0,0,0,0,0,0,0,0,0,0,3.05176e-06,0,0,0,0,0,0,3.05176e-06,0.000686646,7.93457e-05,0,0,0,0,0,0,0.00153809,0.00853577,0.00198059,1.52588e-05,0,0,0,0,0,0.000137329,0.00129395,0.000186157,0,0,0,0,0,0,0,9.15527e-06,0,0,0,0,0,0,0,0,0,0,0,0,0,0,0,0,0,0,0,0,0,0,0,0,0,0,0,0,0,0,0,0,0,0,0,0,0,0,0,0,0,0,0,0,0,0.00247192,9.15527e-05,0,0,0,0,0,0,0.00230408,0.00948792,0.00160217,0,0,0,0,0,0,0.000143433,0.00170288,0,0,0,0,0,0,0,0,0,0,0,0,0,0,0,0,0,0,0,0,0,0,0,0,0,0,0,0,0,0,0,0,0,0,0,0,0,0,0,0,0,0,0,0,0,0,0,0,0,0,0,0,0,0,0.000201416,6.40869e-05,0,0,0,0,0,0,0.000323486,0.0478912,0.905615,0.0327332,0.0155396,0.0096405,0.00766602,0.00662231,0.00604553,0.00520935,0.00367737,0.00281677,0.00179749,0.00105896,0.000738525,0.000460815,0.000283813,9.46045e-05
